index,url,valid,domain,title,description,image,published,archive,content,quote,language,keyword
https://www.focus.de/politik/israel-startete-angriff-auf-den-iran-am-samstagmorgen_1918eb81-f5e0-4070-b50f-ababb66655d0.html,https://www.focus.de/politik/israel-startete-angriff-auf-den-iran-am-samstagmorgen_1918eb81-f5e0-4070-b50f-ababb66655d0.html,0,www.focus.de,Israel startete Angriff auf den Iran am Samstagmorgen,"Israel hat am Samstagmorgen einen Angriff auf den Iran gestartet. Die USA beteiligen sich mit der Operation ""Epische Wut"". Teheran startet einen Gegenangriff und attackiert Israel und US-Basen. Alle Entwicklungen im Ticker.",https://quadro.burda-forward.de/ctf/4ccae2aa-7341-4548-b88b-50e095f46d1e.7b9f128b-6a15-48a7-b945-eefd0a2bf87b.jpeg?im=RegionOfInterestCrop%3D%281200%2C630%29%2CregionOfInterest%3D%281007%2C636%29&hash=34bc7c18696c639b09b67a1b6c2a9feaeba9fd08f70123107c3127e8ac2450bb,2026-03-01T12:13:00Z,http://web.archive.org/web/20260301170739/https://www.focus.de/politik/israel-startete-angriff-auf-den-iran-am-samstagmorgen_1918eb81-f5e0-4070-b50f-ababb66655d0.html,"40 Personen in 60 Sekunden getötet: Israel mit neuen Details zu Iran-Schlag
13.06 Uhr: Die israelische Armee hat neue Details zum ersten Iran-Angriff am Samstag veröffentlicht. Demnach habe man in e… [+6268 chars]",,de,'Iran'
https://www.stern.de/news/leuchtender-erdtrabant-37187078.html,https://www.stern.de/news/leuchtender-erdtrabant-37187078.html,0,www.stern.de,Leuchtender Erdtrabant,Hinter einem Gebäude in Buenos Aires ist der aufgehende Mond zu sehen.,https://image.stern.de/37187080/t/A7/v1/w1440/r1.7778/-/03--leuchtender-erdtrabant---65cca3d8bac39e2f.jpg,2026-03-03T12:11:59Z,,"Zugang zu stern+statt 11,96 
 nur 1  
<ul><li>Alles von stern+ mit erstklassigen Inhalten von GEO und Capital</li><li>4 Wochen testen, dann 2,99  je Woche</li><li>jederzeit kündbar</li></ul>",,de,'Buenos Aires'
https://www.telepolis.de/article/Macht-vor-Recht-Wie-sich-Europa-vom-Voelkerrecht-verabschiedet-hat-11197158.html,https://www.telepolis.de/article/Macht-vor-Recht-Wie-sich-Europa-vom-Voelkerrecht-verabschiedet-hat-11197158.html,0,www.telepolis.de,Macht vor Recht: Wie sich Europa vom Völkerrecht verabschiedet hat,Europa stellt einen Blankoscheck für Angriffskriege aus. Statt Völkerrecht gilt nun die Macht des Stärkeren. Was bedeutet das für die Ukraine? Ein Gastbeitrag.,https://heise.cloudimg.io/bound/1200x1200/q85.png-lossy-85.webp-lossy-85.foil1/_www-heise-de_/imgs/18/5/0/3/8/2/8/6/shutterstock_2628426537-dee608776c36cfc1.jpg,2026-03-03T13:00:00Z,http://web.archive.org/web/20260304042518/https://www.telepolis.de/article/Macht-vor-Recht-Wie-sich-Europa-vom-Voelkerrecht-verabschiedet-hat-11197158.html,"Europas Führungsriege hat sich vom Völkerrecht verabschiedet und schadet damit der eigenen Argumentation beim Ukraine-Krieg
(Bild: paparazzza/Shutterstock.com)
Europa stellt einen Blankoscheck für … [+8627 chars]",,de,'Vereinigte Staaten'
https://www.faz.net/aktuell/politik/ausland/iran-krieg-warum-iran-die-golfstaaten-angreift-200592407.html,https://www.faz.net/aktuell/politik/ausland/iran-krieg-warum-iran-die-golfstaaten-angreift-200592407.html,0,www.faz.net,Iran schlägt zurück: Warum auch die Golfstaaten unter Feuer stehen,Eigentlich wollen die Golfstaaten Touristen und Geld anlocken – doch die Kriegsbilder sind Gift für das Geschäftsmodell. Nun verschärfen die Monarchien den Ton gegenüber Teheran.,https://media0.faz.net/image/w1200h627/7a2c10794b33/w5500h2873x0y574o/202603/43601.0.1841537540/iranische-raketen-auf-doha.webp,2026-03-03T13:27:08Z,http://web.archive.org/web/20260303170630/https://www.faz.net/aktuell/politik/ausland/iran-krieg-warum-iran-die-golfstaaten-angreift-200592407.html,"Die reichen Monarchien sind es eigentlich gewohnt, sich aus der Ferne über die Kriege in der Region zu sorgen. Doch nach den amerikanischen und israelischen Angriffen auf Iran stehen sie nun selbst s… [+8161 chars]",,de,'Iran'
