,phrase,label,sentiment,subjectivity,language,count,topicColor,keywordColor,continent,gnd,geonames,latitude,longitude,geotype,country,ipcc
US-Präsident,US-Präsident,LOC,-0.03333333333333333,0.006944444444444444,de,48,,,,,,,,,,
Kreml,Kreml,LOC,-0.02261904761904761,0.023809523809523808,de,42,#f292af,#f292af,ASIA,,2116480,59.29103,162.17127,T,Russia,RFE
Migranten,Migranten,LOC,0.075,0.07692307692307693,de,26,,,,,,,,,,
…,…,LOC,-0.1423076923076923,0.038461538461538464,de,26,,,,,,,,,,
Privacy Center,Privacy Center,LOC,0.0,0.0,de,21,,,,,,,,,,
Schwarzen Meer,Schwarzen Meer,LOC,0.010185185185185179,0.027777777777777776,de,18,,,,,,,,,,
Russische Haus,Russische Haus,LOC,0.0,0.0,de,13,,,,,,,,,,
Drohnenvorfall,Drohnenvorfall,LOC,-0.33636363636363636,0.0,de,11,,,,,,,,,,
Landes,Landes,LOC,-0.09090909090909091,0.0,de,11,#73efed,#73efed,EUROPE-AFRICA,,3007868,44.25,-1.0,L,France,MED
Behördenangaben,Behördenangaben,LOC,-0.6333333333333334,0.06666666666666667,de,10,,,,,,,,,,
Straße von Hormus,Straße von Hormus,LOC,0.0,0.0,de,10,,,,,,,,,,
Zehntausender Migranten,Zehntausender Migranten,LOC,-0.07777777777777778,0.0,de,9,,,,,,,,,,
Noworossijsk,Noworossijsk,LOC,0.26249999999999996,0.0,de,8,,,,,,,,,,
US-Regierung,US-Regierung,LOC,-0.07500000000000001,0.125,de,8,,,,,,,,,,
Boryspil,Boryspil,LOC,0.26249999999999996,0.25,de,8,,,,,,,,,,
Leyen,Leyen,LOC,-0.14285714285714285,0.14285714285714285,de,7,,,,,,,,,,
Flughafen,Flughafen,LOC,-0.18571428571428572,0.0,de,7,,,,,,,,,,
West-Nil-Fieber,West-Nil-Fieber,LOC,0.09999999999999999,0.2857142857142857,de,7,,,,,,,,,,
Flügen,Flügen,LOC,-0.7428571428571429,0.0,de,7,,,,,,,,,,
Sassnitz,Sassnitz,LOC,-0.35833333333333334,0.0,de,6,,,,,,,,,,
Plessezk,Plessezk,LOC,0.0,0.0,de,6,,,,,,,,,,
Pazifik,Pazifik,LOC,0.0,0.0,de,6,,,,,,,,,,
Leonardo,Leonardo,LOC,0.0,0.0,de,6,,,,,,,,,,
Grenzkontrollen,Grenzkontrollen,LOC,-0.16666666666666666,0.0,de,6,,,,,,,,,,
Bewohner,Bewohner,LOC,-0.16666666666666666,0.0,de,6,,,,,,,,,,
Niedersachsen,Niedersachsen,LOC,0.0,0.0,de,6,,,,,,,,,,
Migranten-Ansturm,Migranten-Ansturm,LOC,0.0,0.0,de,5,,,,,,,,,,
Union,Union,LOC,-0.4,0.0,de,5,,,,,,,,,,
Moldau,Moldau,LOC,0.0,0.0,de,5,,,,,,,,,,
Golf,Golf,LOC,0.13999999999999999,0.0,de,5,,,,,,,,,,
Mittelmeer,Mittelmeer,LOC,0.13999999999999999,0.0,de,5,,,,,,,,,,
Belarus,Belarus,LOC,-0.2,0.0,de,5,,,,,,,,,,
Wildberries,Wildberries,LOC,0.13999999999999999,0.0,de,5,,,,,,,,,,
Liveticker,Liveticker,LOC,0.0,0.0,de,5,,,,,,,,,,
Münster,Münster,LOC,0.27999999999999997,0.0,de,5,,,,,,,,,,
Mecklenburg-Vorpommern,Mecklenburg-Vorpommern,LOC,-0.030000000000000006,0.0,de,5,,,,,,,,,,
Opferzahl,Opferzahl,LOC,0.13999999999999999,0.0,de,5,,,,,,,,,,
Drohnen-Vorfall,Drohnen-Vorfall,LOC,-0.4,0.0,de,5,,,,,,,,,,
Tal des Todes,Tal des Todes,LOC,-0.64,0.13333333333333333,de,5,,,,,,,,,,
Death Valley,Death Valley,LOC,-0.44000000000000006,0.13333333333333333,de,5,,,,,,,,,,
Migranten-Andrang,Migranten-Andrang,LOC,0.0,0.0,de,4,,,,,,,,,,
ukrainischen Regierung,ukrainischen Regierung,LOC,-0.0875,0.125,de,4,,,,,,,,,,
Russischen Haus,Russischen Haus,LOC,-0.175,0.0,de,4,,,,,,,,,,
West-Nil-Virus,West-Nil-Virus,LOC,0.0,0.25,de,4,,,,,,,,,,
Monaten,Monaten,LOC,0.0,0.25,de,4,,,,,,,,,,
Landgericht Münster,Landgericht Münster,LOC,0.0,0.0,de,4,,,,,,,,,,
Munitionslager,Munitionslager,LOC,0.35,0.0,de,4,,,,,,,,,,
russische Regierung,russische Regierung,LOC,0.0,0.0,de,4,,,,,,,,,,
Ansturm,Ansturm,LOC,0.175,0.0,de,4,,,,,,,,,,
“,“,LOC,-0.425,0.0,de,4,,,,,,,,,,
Roten Meer,Roten Meer,LOC,0.0,0.0,de,4,,,,,,,,,,
Kreta,Kreta,LOC,0.175,0.0,de,4,,,,,,,,,,
Ebolavirus,Ebolavirus,LOC,0.19999999999999998,0.20833333333333331,de,4,,,,,,,,,,
Karpaten,Karpaten,LOC,0.0,0.5,de,4,,,,,,,,,,
Saudiarabien,Saudiarabien,LOC,0.0,0.0,de,4,,,,,,,,,,
Selenskyj,Selenskyj,LOC,0.0,0.0,de,4,,,,,,,,,,
Donau,Donau,LOC,0.0,0.0,de,4,,,,,,,,,,
Persischen Golf,Persischen Golf,LOC,0.0,0.0,de,4,,,,,,,,,,
marokkanische Regierung,marokkanische Regierung,LOC,0.175,0.0,de,4,,,,,,,,,,
Land,Land,LOC,-0.175,0.0,de,4,,,,,,,,,,
Saporischschja,Saporischschja,LOC,-0.5,0.0,de,4,,,,,,,,,,
Altai-Gebirge,Altai-Gebirge,LOC,-0.5,0.0,de,4,,,,,,,,,,
d…,d…,LOC,0.0,0.0,de,4,,,,,,,,,,
Landtagswahlen,Landtagswahlen,LOC,0.0875,0.125,de,4,,,,,,,,,,
Raffinerien,Raffinerien,LOC,-0.325,0.0,de,4,,,,,,,,,,
Friedrichstraße,Friedrichstraße,LOC,0.35,0.0,de,4,,,,,,,,,,
Venedig,Venedig,LOC,0.0,0.0,de,4,,,,,,,,,,
US-Präsidenten,US-Präsidenten,LOC,0.675,0.0,de,4,,,,,,,,,,
Putins,Putins,LOC,-0.425,0.0,de,4,,,,,,,,,,
DR Kongo,DR Kongo,LOC,-0.16666666666666666,0.16666666666666666,de,3,,,,,,,,,,
Innenministerium,Innenministerium,LOC,0.0,0.0,de,3,,,,,,,,,,
Hannover,Hannover,LOC,0.0,0.0,de,3,,,,,,,,,,
Sizilien,Sizilien,LOC,-0.5666666666666667,0.3333333333333333,de,3,,,,,,,,,,
Belgorod,Belgorod,LOC,-0.3333333333333333,0.0,de,3,,,,,,,,,,
Warnungen,Warnungen,LOC,0.3333333333333333,0.0,de,3,,,,,,,,,,
Tatarstan,Tatarstan,LOC,-0.3333333333333333,0.0,de,3,,,,,,,,,,
Sotschi,Sotschi,LOC,0.0,0.0,de,3,,,,,,,,,,
Myla,Myla,LOC,-0.3333333333333333,0.3333333333333333,de,3,,,,,,,,,,
Schengen-Raum,Schengen-Raum,LOC,0.0,0.0,de,3,,,,,,,,,,
TikTok,TikTok,LOC,-0.3333333333333333,0.0,de,3,,,,,,,,,,
Visier,Visier,LOC,0.0,0.0,de,3,,,,,,,,,,
TTS-Player,TTS-Player,LOC,-0.3333333333333333,0.0,de,3,,,,,,,,,,
Brandanschläge,Brandanschläge,LOC,-0.2333333333333333,0.0,de,3,,,,,,,,,,
Konsequenzen,Konsequenzen,LOC,-0.5666666666666667,0.0,de,3,,,,,,,,,,
Goethe-Institut,Goethe-Institut,LOC,-0.2333333333333333,0.0,de,3,,,,,,,,,,
Drohne,Drohne,LOC,0.2333333333333333,0.0,de,3,,,,,,,,,,
Amerikaner,Amerikaner,LOC,0.3333333333333333,0.0,de,3,,,,,,,,,,
Bundesanwaltschaft,Bundesanwaltschaft,LOC,0.0,0.0,de,3,,,,,,,,,,
Jabloko,Jabloko,LOC,0.6999999999999998,0.0,de,3,,,,,,,,,,
Auswärtige Amt,Auswärtige Amt,LOC,0.1333333333333333,0.0,de,3,,,,,,,,,,
Jekaterinburg,Jekaterinburg,LOC,0.2333333333333333,0.0,de,3,,,,,,,,,,
Den Haag,Den Haag,LOC,0.3333333333333333,0.0,de,3,,,,,,,,,,
Sewastopol,Sewastopol,LOC,0.0,0.0,de,3,,,,,,,,,,
Bonn,Bonn,LOC,0.0,0.0,de,3,,,,,,,,,,
Alpen,Alpen,LOC,0.0,0.0,de,3,,,,,,,,,,
Köln,Köln,LOC,0.0,0.0,de,3,,,,,,,,,,
Salzburg,Salzburg,LOC,0.6666666666666666,0.0,de,3,,,,,,,,,,
Fnideq,Fnideq,LOC,0.0,0.0,de,3,,,,,,,,,,
Nato-Gebiet,Nato-Gebiet,LOC,0.0,0.0,de,3,,,,,,,,,,
Abschiebungen,Abschiebungen,LOC,-0.05555555555555555,0.1111111111111111,de,3,,,,,,,,,,
Lingen,Lingen,LOC,0.0,0.0,de,3,,,,,,,,,,
Bremer,Bremer,LOC,0.0,0.0,de,3,,,,,,,,,,
Universität Bremen,Universität Bremen,LOC,-0.6666666666666666,0.0,de,3,,,,,,,,,,
Selenskyjs,Selenskyjs,LOC,0.0,0.3333333333333333,de,3,,,,,,,,,,
Christopher Street Days,Christopher Street Days,LOC,0.0,0.0,de,3,,,,,,,,,,
Charkiw,Charkiw,LOC,0.0,0.0,de,3,,,,,,,,,,
Nordpolarmeer,Nordpolarmeer,LOC,0.0,0.0,de,3,,,,,,,,,,
D…,D…,LOC,0.0,0.0,de,3,,,,,,,,,,
Kavala,Kavala,LOC,0.6666666666666666,0.0,de,3,,,,,,,,,,
Köthen,Köthen,LOC,0.0,0.3333333333333333,de,3,,,,,,,,,,
Südamerika,Südamerika,LOC,0.0,0.0,de,3,,,,,,,,,,
Schutzräume,Schutzräume,LOC,0.0,0.0,de,3,,,,,,,,,,
Kempten,Kempten,LOC,-0.3333333333333333,0.0,de,3,,,,,,,,,,
Trump,Trump,LOC,-0.2333333333333333,0.0,de,3,,,,,,,,,,
Gewitter,Gewitter,LOC,0.0,0.0,de,3,,,,,,,,,,
Liberia,Liberia,LOC,0.0,0.0,de,3,,,,,,,,,,
Vereinigten Arabischen Emirate,Vereinigten Arabischen Emirate,LOC,0.0,0.0,de,3,,,,,,,,,,
Kaspische Meer,Kaspische Meer,LOC,0.0,0.0,de,3,,,,,,,,,,
Kaspischen Meer,Kaspischen Meer,LOC,0.0,0.0,de,3,,,,,,,,,,
Frankfurt,Frankfurt,LOC,0.0,0.0,de,3,,,,,,,,,,
Luftalarm,Luftalarm,LOC,0.0,0.0,de,2,,,,,,,,,,
Zadar,Zadar,LOC,0.0,0.0,de,2,,,,,,,,,,
Vereinigte Königreich,Vereinigte Königreich,LOC,-0.5,0.0,de,2,,,,,,,,,,
Velebit-Gebirge,Velebit-Gebirge,LOC,0.0,0.0,de,2,,,,,,,,,,
Sumy,Sumy,LOC,-0.5,0.0,de,2,,,,,,,,,,
Backdoor,Backdoor,LOC,0.35,0.0,de,2,,,,,,,,,,
Logistikunternehmens Wildberries,Logistikunternehmens Wildberries,LOC,0.0,0.0,de,2,,,,,,,,,,
Gerichtshof,Gerichtshof,LOC,1.0,0.0,de,2,,,,,,,,,,
Verkehrskameras,Verkehrskameras,LOC,0.0,0.0,de,2,,,,,,,,,,
Hotelzimmer,Hotelzimmer,LOC,0.0,0.0,de,2,,,,,,,,,,
Putin,Putin,LOC,0.0,0.0,de,2,,,,,,,,,,
Strassburg,Strassburg,LOC,1.0,0.0,de,2,,,,,,,,,,
Aarhus,Aarhus,LOC,0.0,0.0,de,2,,,,,,,,,,
Russische Sabotagepläne,Russische Sabotagepläne,LOC,-0.35,0.0,de,2,,,,,,,,,,
Vergeltungszölle,Vergeltungszölle,LOC,0.0,0.0,de,2,,,,,,,,,,
Bitshiabu,Bitshiabu,LOC,0.0,0.0,de,2,,,,,,,,,,
Lwiw,Lwiw,LOC,0.7,0.0,de,2,,,,,,,,,,
Lamu,Lamu,LOC,0.15000000000000002,0.0,de,2,,,,,,,,,,
Equinor,Equinor,LOC,0.0,0.0,de,2,,,,,,,,,,
Sassnitzer Hafen,Sassnitzer Hafen,LOC,0.0,0.0,de,2,,,,,,,,,,
Hitzewoche,Hitzewoche,LOC,-1.0,0.0,de,2,,,,,,,,,,
Marokkaner,Marokkaner,LOC,-0.35,0.5,de,2,,,,,,,,,,
Migrantenproblem,Migrantenproblem,LOC,-0.35,0.0,de,2,,,,,,,,,,
Donezk,Donezk,LOC,-0.35,0.0,de,2,,,,,,,,,,
Rügen,Rügen,LOC,-0.575,0.0,de,2,,,,,,,,,,
Grenzzaun vorbeigeschwommen,Grenzzaun vorbeigeschwommen,LOC,0.0,0.0,de,2,,,,,,,,,,
Trümmerteile,Trümmerteile,LOC,-0.5,0.5,de,2,,,,,,,,,,
Wiesbaden,Wiesbaden,LOC,0.0,0.0,de,2,,,,,,,,,,
Kuopio,Kuopio,LOC,0.0,0.0,de,2,,,,,,,,,,
Patriot-Munition,Patriot-Munition,LOC,0.0,0.0,de,2,,,,,,,,,,
Nevada,Nevada,LOC,0.0,0.0,de,2,,,,,,,,,,
Tass,Tass,LOC,0.0,0.0,de,2,,,,,,,,,,
Vorwürfe,Vorwürfe,LOC,0.0,0.0,de,2,,,,,,,,,,
Rechtfertigungen,Rechtfertigungen,LOC,0.0,0.0,de,2,,,,,,,,,,
Erklärungsversuche,Erklärungsversuche,LOC,0.0,0.0,de,2,,,,,,,,,,
Stille,Stille,LOC,0.0,0.0,de,2,,,,,,,,,,
Geldanlagen,Geldanlagen,LOC,0.0,0.0,de,2,,,,,,,,,,
Kraft,Kraft,LOC,0.0,0.0,de,2,,,,,,,,,,
Basel,Basel,LOC,0.0,0.0,de,2,,,,,,,,,,
Kirgistan,Kirgistan,LOC,-1.0,0.0,de,2,,,,,,,,,,
Goethe-Institute,Goethe-Institute,LOC,-0.35,0.0,de,2,,,,,,,,,,
Jelabuga,Jelabuga,LOC,0.5249999999999999,0.25,de,2,,,,,,,,,,
Rüstungsfirma,Rüstungsfirma,LOC,0.35,0.0,de,2,,,,,,,,,,
Sabotage,Sabotage,LOC,0.0,0.5,de,2,,,,,,,,,,
Reichweite,Reichweite,LOC,0.35,0.0,de,2,,,,,,,,,,
Selene,Selene,LOC,0.0,0.0,de,2,,,,,,,,,,
Bundesamt,Bundesamt,LOC,0.0,0.0,de,2,,,,,,,,,,
Obersten Gericht,Obersten Gericht,LOC,-0.15000000000000002,0.0,de,2,,,,,,,,,,
Lampedusa,Lampedusa,LOC,-0.35,0.5,de,2,,,,,,,,,,
Bahnhof Praha Holešovice,Bahnhof Praha Holešovice,LOC,0.0,0.0,de,2,,,,,,,,,,
Turn-Weltverband,Turn-Weltverband,LOC,0.0,0.0,de,2,,,,,,,,,,
Memmingen,Memmingen,LOC,0.35,0.0,de,2,,,,,,,,,,
Duma-Wahl,Duma-Wahl,LOC,0.35,0.0,de,2,,,,,,,,,,
Hausbrand,Hausbrand,LOC,0.0,0.0,de,2,,,,,,,,,,
gleichnamigen Stadt,gleichnamigen Stadt,LOC,0.0,0.0,de,2,,,,,,,,,,
Florida,Florida,LOC,0.35,0.0,de,2,,,,,,,,,,
Schleudersitz,Schleudersitz,LOC,0.0,0.0,de,2,,,,,,,,,,
Marinehafen,Marinehafen,LOC,0.0,0.0,de,2,,,,,,,,,,
Besiktas-Fans,Besiktas-Fans,LOC,0.0,0.0,de,2,,,,,,,,,,
Pokal-Ausfall,Pokal-Ausfall,LOC,0.0,0.0,de,2,,,,,,,,,,
Handelshafen,Handelshafen,LOC,0.0,0.0,de,2,,,,,,,,,,
Ölterminal,Ölterminal,LOC,0.0,0.0,de,2,,,,,,,,,,
Hauptstadt,Hauptstadt,LOC,0.0,1.0,de,2,,,,,,,,,,
Brjansk,Brjansk,LOC,0.0,0.0,de,2,,,,,,,,,,
Noworossijsk am Schwarzen Meer,Noworossijsk am Schwarzen Meer,LOC,0.35,0.0,de,2,,,,,,,,,,
europäischen Ländern,europäischen Ländern,LOC,0.0,0.0,de,2,,,,,,,,,,
Drohnen,Drohnen,LOC,0.0,0.5,de,2,,,,,,,,,,
Gladbach,Gladbach,LOC,0.0,0.0,de,2,,,,,,,,,,
Schwarze Meer,Schwarze Meer,LOC,0.35,0.0,de,2,,,,,,,,,,
Nordpolarmeer …,Nordpolarmeer …,LOC,0.0,0.0,de,2,,,,,,,,,,
Alaska,Alaska,LOC,0.7,0.0,de,2,,,,,,,,,,
Selenskij,Selenskij,LOC,-0.5,0.0,de,2,,,,,,,,,,
Regierungsangaben,Regierungsangaben,LOC,-0.5,0.0,de,2,,,,,,,,,,
Prespasee,Prespasee,LOC,0.0,0.0,de,2,,,,,,,,,,
Kanye West,Kanye West,LOC,0.35,0.0,de,2,,,,,,,,,,
Nato-Land,Nato-Land,LOC,-0.35,0.5,de,2,,,,,,,,,,
Abgeordnetenhaus,Abgeordnetenhaus,LOC,0.0,0.0,de,2,,,,,,,,,,
Nato-Grenze,Nato-Grenze,LOC,0.7,0.0,de,2,,,,,,,,,,
ungarische Regierung,ungarische Regierung,LOC,0.0,0.0,de,2,,,,,,,,,,
Diesel,Diesel,LOC,0.0,0.0,de,2,,,,,,,,,,
Ostdeutschlands,Ostdeutschlands,LOC,-0.15000000000000002,0.0,de,2,,,,,,,,,,
Ozon,Ozon,LOC,0.0,0.0,de,2,,,,,,,,,,
Sahel,Sahel,LOC,0.0,0.0,de,2,,,,,,,,,,
Anti-Kriegspartei,Anti-Kriegspartei,LOC,0.0,0.0,de,2,,,,,,,,,,
US-Angaben,US-Angaben,LOC,0.0,0.0,de,2,,,,,,,,,,
Insel Larak,Insel Larak,LOC,0.0,0.0,de,2,,,,,,,,,,
Gegenzöllen,Gegenzöllen,LOC,0.0,0.0,de,2,,,,,,,,,,
Urlaubsinsel,Urlaubsinsel,LOC,0.35,0.0,de,2,,,,,,,,,,
Muskö,Muskö,LOC,0.0,0.0,de,2,,,,,,,,,,
Desinformationskampagne,Desinformationskampagne,LOC,-0.7,0.0,de,2,,,,,,,,,,
Kompetenzgerangel,Kompetenzgerangel,LOC,0.7,0.0,de,2,,,,,,,,,,
US-Medien,US-Medien,LOC,0.0,0.0,de,2,,,,,,,,,,
Miami,Miami,LOC,-0.5,0.0,de,2,,,,,,,,,,
Bezirk Neukölln,Bezirk Neukölln,LOC,-0.85,0.0,de,2,,,,,,,,,,
Drohnenattacke,Drohnenattacke,LOC,0.0,0.0,de,2,,,,,,,,,,
Balkans,Balkans,LOC,0.0,0.0,de,2,,,,,,,,,,
Ohridsee,Ohridsee,LOC,0.0,0.0,de,2,,,,,,,,,,
Ostkongo,Ostkongo,LOC,0.35,0.0,de,2,,,,,,,,,,
Südchinesischen Meer,Südchinesischen Meer,LOC,0.0,0.0,de,2,,,,,,,,,,
Jahren,Jahren,LOC,0.0,0.0,de,2,,,,,,,,,,
Dresden,Dresden,LOC,0.0,0.0,de,2,,,,,,,,,,
Küstenwache,Küstenwache,LOC,0.0,0.0,de,2,,,,,,,,,,
Hudson Speedway,Hudson Speedway,LOC,0.0,0.0,de,2,,,,,,,,,,
Kernkraftwerk Akkuyu,Kernkraftwerk Akkuyu,LOC,0.0,0.0,de,2,,,,,,,,,,
westafrikanische Land,westafrikanische Land,LOC,0.0,0.0,de,2,,,,,,,,,,
Innenminister,Innenminister,LOC,0.0,0.0,de,2,,,,,,,,,,
Skoda,Skoda,LOC,0.35,0.0,de,2,,,,,,,,,,
Nuklearwaffen,Nuklearwaffen,LOC,0.0,0.0,de,2,,,,,,,,,,
Repression,Repression,LOC,-0.07500000000000001,0.0,de,2,,,,,,,,,,
Grenzzaun,Grenzzaun,LOC,0.0,0.5,de,2,,,,,,,,,,
Weiße Haus,Weiße Haus,LOC,0.7,0.0,de,2,,,,,,,,,,
El Niño,El Niño,LOC,0.0,0.0,de,2,,,,,,,,,,
Mont Blanc,Mont Blanc,LOC,0.5,0.0,de,2,,,,,,,,,,
Bameng,Bameng,LOC,-0.7,0.0,de,2,,,,,,,,,,
Koadjutor-Bischof,Koadjutor-Bischof,LOC,-0.7,0.0,de,2,,,,,,,,,,
Limburg,Limburg,LOC,-0.23333333333333328,0.0,de,2,,,,,,,,,,
New Hampshire,New Hampshire,LOC,0.0,0.0,de,2,,,,,,,,,,
Milei,Milei,LOC,0.0,0.0,de,2,,,,,,,,,,
Palästinensern,Palästinensern,LOC,-0.35,0.0,de,2,,,,,,,,,,
Personalwechsel,Personalwechsel,LOC,0.0,0.0,de,2,,,,,,,,,,
Waldbränden,Waldbränden,LOC,0.0,0.0,de,2,,,,,,,,,,
Tesla,Tesla,LOC,0.35,0.0,de,2,,,,,,,,,,
Drohungen,Drohungen,LOC,0.0,0.0,de,2,,,,,,,,,,
Revolutionsgarde,Revolutionsgarde,LOC,0.0,0.0,de,2,,,,,,,,,,
Drohnen-Vorfälle,Drohnen-Vorfälle,LOC,0.0,0.0,de,2,,,,,,,,,,
Afghanen,Afghanen,LOC,0.0,0.0,de,2,,,,,,,,,,
Schleuser-Mafia,Schleuser-Mafia,LOC,-1.0,0.0,de,2,,,,,,,,,,
Temperaturen,Temperaturen,LOC,0.0,0.0,de,2,,,,,,,,,,
Kreml-Angaben,Kreml-Angaben,LOC,0.0,0.0,de,2,,,,,,,,,,
Schengen-Abkommen,Schengen-Abkommen,LOC,0.0,0.0,de,2,,,,,,,,,,
Huthi,Huthi,LOC,0.0,0.0,de,2,,,,,,,,,,
Aufnahmezentren,Aufnahmezentren,LOC,-1.0,0.0,de,2,,,,,,,,,,
US-Besuch,US-Besuch,LOC,0.0,0.0,de,2,,,,,,,,,,
Bebelplatz,Bebelplatz,LOC,-0.35,0.0,de,2,,,,,,,,,,
Internet-Milliardär,Internet-Milliardär,LOC,0.0,0.0,de,2,,,,,,,,,,
Antidepressiva,Antidepressiva,LOC,-0.5,0.0,de,2,,,,,,,,,,
Düsseldorf,Düsseldorf,LOC,0.7,0.0,de,2,,,,,,,,,,
Massenansturm,Massenansturm,LOC,-0.175,0.25,de,2,,,,,,,,,,
US-Senatoren,US-Senatoren,LOC,0.0,1.0,de,2,,,,,,,,,,
Dampfbadbesuche,Dampfbadbesuche,LOC,0.0,0.0,de,2,,,,,,,,,,
Geheimdienstes,Geheimdienstes,LOC,0.7,0.0,de,2,,,,,,,,,,
Huthi-Angriffen,Huthi-Angriffen,LOC,-1.0,0.0,de,2,,,,,,,,,,
Schwimmreifen,Schwimmreifen,LOC,0.0,0.0,de,2,,,,,,,,,,
Windkraft-Zubau,Windkraft-Zubau,LOC,0.0,0.0,de,2,,,,,,,,,,
Südostasiens,Südostasiens,LOC,-0.7,0.0,de,2,,,,,,,,,,
Delphi-Filmpalast,Delphi-Filmpalast,LOC,0.0,0.0,de,2,,,,,,,,,,
Missouri,Missouri,LOC,0.5,0.0,de,2,,,,,,,,,,
Cyberangriffe,Cyberangriffe,LOC,0.0,0.0,de,2,,,,,,,,,,
Mykolajiw,Mykolajiw,LOC,0.0,0.0,de,2,,,,,,,,,,
Heimatlands,Heimatlands,LOC,0.0,0.0,de,2,,,,,,,,,,
Übersee,Übersee,LOC,-0.5,0.0,de,2,,,,,,,,,,
Bund,Bund,LOC,0.0,0.0,de,2,,,,,,,,,,
Badehose,Badehose,LOC,0.0,0.0,de,2,,,,,,,,,,
Auslöser,Auslöser,LOC,0.0,0.0,de,2,,,,,,,,,,
Elektroauto,Elektroauto,LOC,0.7,0.0,de,2,,,,,,,,,,
Telegram-Gründer,Telegram-Gründer,LOC,0.0,0.0,de,2,,,,,,,,,,
südukrainischen Stadt,südukrainischen Stadt,LOC,0.0,0.0,de,1,,,,,,,,,,
Umbaupläne,Umbaupläne,LOC,-1.0,0.0,de,1,,,,,,,,,,
Cyberangriff,Cyberangriff,LOC,0.7,0.0,de,1,,,,,,,,,,
Kennedy Center,Kennedy Center,LOC,-1.0,0.0,de,1,,,,,,,,,,
Lyman,Lyman,LOC,0.0,0.0,de,1,,,,,,,,,,
Sperrbereich,Sperrbereich,LOC,0.0,0.0,de,1,,,,,,,,,,
Prorussische Hacker,Prorussische Hacker,LOC,0.7,0.0,de,1,,,,,,,,,,
US-Bundesstaat,US-Bundesstaat,LOC,0.0,0.0,de,1,,,,,,,,,,
Bayern,Bayern,LOC,0.0,0.0,de,1,,,,,,,,,,
Luftabwehrsystems,Luftabwehrsystems,LOC,-0.35,0.4,de,1,,,,,,,,,,
Weltkriegsbomben,Weltkriegsbomben,LOC,0.0,0.0,de,1,,,,,,,,,,
Drohneneinsätze,Drohneneinsätze,LOC,0.0,0.0,de,1,,,,,,,,,,
Weidel,Weidel,LOC,-1.0,0.0,de,1,,,,,,,,,,
Kö…,Kö…,LOC,-0.7,0.0,de,1,,,,,,,,,,
Schlussapplaus,Schlussapplaus,LOC,-0.15000000000000002,0.0,de,1,,,,,,,,,,
bandenmäßiger,bandenmäßiger,LOC,0.0,0.0,de,1,,,,,,,,,,
Landgericht,Landgericht,LOC,0.0,0.0,de,1,,,,,,,,,,
Salzburger,Salzburger,LOC,0.0,0.0,de,1,,,,,,,,,,
World Trade Center,World Trade Center,LOC,0.0,0.0,de,1,,,,,,,,,,
Nordrhein-Westfalen,Nordrhein-Westfalen,LOC,0.0,0.0,de,1,,,,,,,,,,
Tarnkappenjets,Tarnkappenjets,LOC,-0.35,0.5,de,1,,,,,,,,,,
Instagram,Instagram,LOC,0.0,0.0,de,1,,,,,,,,,,
Wall Street Journal,Wall Street Journal,LOC,0.0,0.0,de,1,,,,,,,,,,
Wilmersdorf,Wilmersdorf,LOC,0.0,0.0,de,1,,,,,,,,,,
Co.,Co.,LOC,0.0,0.0,de,1,,,,,,,,,,
Award-Woche,Award-Woche,LOC,0.0,0.0,de,1,,,,,,,,,,
Fernsehpreis,Fernsehpreis,LOC,0.0,0.0,de,1,,,,,,,,,,
Nato-Staat,Nato-Staat,LOC,0.0,0.0,de,1,,,,,,,,,,
Radiopreis,Radiopreis,LOC,0.0,0.0,de,1,,,,,,,,,,
Konkrete Anschlagspläne,Konkrete Anschlagspläne,LOC,0.0,0.0,de,1,,,,,,,,,,
Militärziele,Militärziele,LOC,-1.0,0.0,de,1,,,,,,,,,,
Nato-Mitgliedern,Nato-Mitgliedern,LOC,-0.7,0.0,de,1,,,,,,,,,,
Ulydig,Ulydig,LOC,0.0,0.0,de,1,,,,,,,,,,
AARHUS ARoS,AARHUS ARoS,LOC,0.0,0.0,de,1,,,,,,,,,,
Anfangsverdach…,Anfangsverdach…,LOC,0.0,0.0,de,1,,,,,,,,,,
Korruptionsermittlungen,Korruptionsermittlungen,LOC,0.0,0.0,de,1,,,,,,,,,,
Aargauer,Aargauer,LOC,0.0,0.0,de,1,,,,,,,,,,
Leuna,Leuna,LOC,0.0,0.0,de,1,,,,,,,,,,
Orteinnerhalb,Orteinnerhalb,LOC,0.0,0.0,de,1,,,,,,,,,,
Leon-Jessel-Platz,Leon-Jessel-Platz,LOC,0.0,0.0,de,1,,,,,,,,,,
Döhlen i,Döhlen i,LOC,0.0,0.0,de,1,,,,,,,,,,
Jugendclub,Jugendclub,LOC,0.7,0.0,de,1,,,,,,,,,,
Anschlagspläne,Anschlagspläne,LOC,0.0,0.0,de,1,,,,,,,,,,
Bacon,Bacon,LOC,0.0,0.0,de,1,,,,,,,,,,
Drohnen-Fund,Drohnen-Fund,LOC,0.0,0.0,de,1,,,,,,,,,,
Importregeln,Importregeln,LOC,0.0,0.0,de,1,,,,,,,,,,
Jugendklub,Jugendklub,LOC,0.0,0.0,de,1,,,,,,,,,,
Pfl…,Pfl…,LOC,0.0,0.0,de,1,,,,,,,,,,
Archäologen,Archäologen,LOC,0.0,0.0,de,1,,,,,,,,,,
Sperrkreises,Sperrkreises,LOC,0.0,0.0,de,1,,,,,,,,,,
Flughafen Wnukowo,Flughafen Wnukowo,LOC,0.0,0.0,de,1,,,,,,,,,,
Öldepot,Öldepot,LOC,0.0,0.0,de,1,,,,,,,,,,
Oelde,Oelde,LOC,0.0,0.0,de,1,,,,,,,,,,
Ost-West-Pipeline,Ost-West-Pipeline,LOC,0.0,0.0,de,1,,,,,,,,,,
Wolfsburg,Wolfsburg,LOC,0.0,0.0,de,1,,,,,,,,,,
Bach-Festival,Bach-Festival,LOC,0.0,0.0,de,1,,,,,,,,,,
Leipzi…,Leipzi…,LOC,0.0,0.0,de,1,,,,,,,,,,
Wüsten-Nationalpark,Wüsten-Nationalpark,LOC,0.0,1.0,de,1,,,,,,,,,,
nan Das von Stechmücken,nan Das von Stechmücken,LOC,0.0,0.0,de,1,,,,,,,,,,
Aussicht,Aussicht,LOC,0.0,0.0,de,1,,,,,,,,,,
Orenburg,Orenburg,LOC,-1.0,0.0,de,1,,,,,,,,,,
Polizeiangaben am Samstagmittag,Polizeiangaben am Samstagmittag,LOC,0.0,0.0,de,1,,,,,,,,,,
Brandursache,Brandursache,LOC,0.0,0.0,de,1,,,,,,,,,,
Büroschrank,Büroschrank,LOC,0.0,0.0,de,1,,,,,,,,,,
Ode…,Ode…,LOC,0.0,0.0,de,1,,,,,,,,,,
Zugzwang,Zugzwang,LOC,-0.7,0.0,de,1,,,,,,,,,,
Gipfels,Gipfels,LOC,0.0,0.0,de,1,,,,,,,,,,
Schöneberg,Schöneberg,LOC,0.0,0.0,de,1,,,,,,,,,,
Kurswechsels,Kurswechsels,LOC,0.0,0.0,de,1,,,,,,,,,,
Prenzlauer Berg,Prenzlauer Berg,LOC,-1.0,0.0,de,1,,,,,,,,,,
CDU-Hand,CDU-Hand,LOC,0.0,0.0,de,1,,,,,,,,,,
Nordseeküste,Nordseeküste,LOC,0.0,0.0,de,1,,,,,,,,,,
Harz,Harz,LOC,0.0,0.0,de,1,,,,,,,,,,
Kreisebene mi…,Kreisebene mi…,LOC,0.0,0.0,de,1,,,,,,,,,,
LGBTQ-Protest,LGBTQ-Protest,LOC,0.7,0.0,de,1,,,,,,,,,,
Großen Basars,Großen Basars,LOC,0.0,0.0,de,1,,,,,,,,,,
weiterlesenLyon,weiterlesenLyon,LOC,1.0,0.0,de,1,,,,,,,,,,
Bergen,Bergen,LOC,1.0,0.0,de,1,,,,,,,,,,
amerikanischem Territorium zu,amerikanischem Territorium zu,LOC,0.0,0.0,de,1,,,,,,,,,,
Großen Basar,Großen Basar,LOC,-0.15000000000000002,0.0,de,1,,,,,,,,,,
Grundnahrungsmittel,Grundnahrungsmittel,LOC,0.0,0.0,de,1,,,,,,,,,,
Touristenviertel,Touristenviertel,LOC,0.0,0.0,de,1,,,,,,,,,,
Wahlurne,Wahlurne,LOC,0.7,0.0,de,1,,,,,,,,,,
Eklat,Eklat,LOC,0.0,0.0,de,1,,,,,,,,,,
Ben-Gvirs Wahlkampfgetöse,Ben-Gvirs Wahlkampfgetöse,LOC,0.0,0.0,de,1,,,,,,,,,,
Wahlkampfgetöse,Wahlkampfgetöse,LOC,-1.0,0.0,de,1,,,,,,,,,,
Okt…,Okt…,LOC,0.0,0.0,de,1,,,,,,,,,,
Marine Le Pen,Marine Le Pen,LOC,0.7,0.0,de,1,,,,,,,,,,
Zielgerade,Zielgerade,LOC,0.0,0.0,de,1,,,,,,,,,,
Planetariums,Planetariums,LOC,-1.0,0.0,de,1,,,,,,,,,,
US-Bundesstaat Nevada,US-Bundesstaat Nevada,LOC,0.0,0.0,de,1,,,,,,,,,,
Bundesamtes …,Bundesamtes …,LOC,0.0,0.0,de,1,,,,,,,,,,
Roten Rathaus,Roten Rathaus,LOC,0.0,0.0,de,1,,,,,,,,,,
Augsburg,Augsburg,LOC,0.0,0.0,de,1,,,,,,,,,,
Aachen,Aachen,LOC,0.0,0.0,de,1,,,,,,,,,,
Antonow-Flugzeuge,Antonow-Flugzeuge,LOC,0.0,0.0,de,1,,,,,,,,,,
ambitionslos,ambitionslos,LOC,0.0,0.0,de,1,,,,,,,,,,
CIA-Chef,CIA-Chef,LOC,0.0,0.0,de,1,,,,,,,,,,
Referendum,Referendum,LOC,0.0,0.0,de,1,,,,,,,,,,
ge…,ge…,LOC,0.0,0.0,de,1,,,,,,,,,,
SZ am Morgen,SZ am Morgen,LOC,0.0,0.0,de,1,,,,,,,,,,
Steglitz-Zehlendorf,Steglitz-Zehlendorf,LOC,0.0,0.0,de,1,,,,,,,,,,
Grün…,Grün…,LOC,0.7,0.0,de,1,,,,,,,,,,
Sterndemonstration,Sterndemonstration,LOC,0.0,0.0,de,1,,,,,,,,,,
Poku-Fieber,Poku-Fieber,LOC,0.0,0.0,de,1,,,,,,,,,,
Landminen,Landminen,LOC,-0.7,0.0,de,1,,,,,,,,,,
noe,noe,LOC,0.0,0.0,de,1,,,,,,,,,,
Zusammenhalt,Zusammenhalt,LOC,0.0,0.0,de,1,,,,,,,,,,
Datenklau,Datenklau,LOC,0.0,1.0,de,1,,,,,,,,,,
Ostukraine,Ostukraine,LOC,0.0,0.0,de,1,,,,,,,,,,
UN-Generalsekretärin,UN-Generalsekretärin,LOC,0.0,0.0,de,1,,,,,,,,,,
Welthandel,Welthandel,LOC,0.0,0.0,de,1,,,,,,,,,,
Zurückhaltung,Zurückhaltung,LOC,0.0,0.0,de,1,,,,,,,,,,
Osdorfer Straße,Osdorfer Straße,LOC,0.0,0.0,de,1,,,,,,,,,,
US-Investoren,US-Investoren,LOC,0.0,0.0,de,1,,,,,,,,,,
Einkaufsliste,Einkaufsliste,LOC,0.0,0.0,de,1,,,,,,,,,,
US-Hand,US-Hand,LOC,0.0,0.0,de,1,,,,,,,,,,
Shein,Shein,LOC,-1.0,0.0,de,1,,,,,,,,,,
Digitalministerium,Digitalministerium,LOC,0.0,0.0,de,1,,,,,,,,,,
Wasser,Wasser,LOC,0.0,0.0,de,1,,,,,,,,,,
Militärkreisen,Militärkreisen,LOC,0.0,0.0,de,1,,,,,,,,,,
KI,KI,LOC,-1.0,0.0,de,1,,,,,,,,,,
Stadt…,Stadt…,LOC,-1.0,0.0,de,1,,,,,,,,,,
Hollywood,Hollywood,LOC,0.0,1.0,de,1,,,,,,,,,,
Mee…,Mee…,LOC,0.0,0.0,de,1,,,,,,,,,,
Sicherheitsauflagen,Sicherheitsauflagen,LOC,1.0,0.0,de,1,,,,,,,,,,
Höchstwerte,Höchstwerte,LOC,0.0,0.0,de,1,,,,,,,,,,
vi…,vi…,LOC,0.0,0.0,de,1,,,,,,,,,,
Asiatischen Hornisse,Asiatischen Hornisse,LOC,-0.7,0.0,de,1,,,,,,,,,,
Sturzflut,Sturzflut,LOC,-0.85,0.0,de,1,,,,,,,,,,
Deutsche Bahn Fernzüge,Deutsche Bahn Fernzüge,LOC,0.0,0.0,de,1,,,,,,,,,,
Kinderhospizes Haus,Kinderhospizes Haus,LOC,0.0,0.0,de,1,,,,,,,,,,
Sportlern,Sportlern,LOC,1.0,0.0,de,1,,,,,,,,,,
Snowboard-Weltverband,Snowboard-Weltverband,LOC,0.0,0.0,de,1,,,,,,,,,,
FIS,FIS,LOC,0.0,0.0,de,1,,,,,,,,,,
Metropolen,Metropolen,LOC,0.0,0.0,de,1,,,,,,,,,,
Weißes Haus,Weißes Haus,LOC,1.0,0.0,de,1,,,,,,,,,,
Platzmangel,Platzmangel,LOC,0.0,0.0,de,1,,,,,,,,,,
Bayern-Gegner,Bayern-Gegner,LOC,0.0,0.0,de,1,,,,,,,,,,
Droh…,Droh…,LOC,0.0,0.0,de,1,,,,,,,,,,
Putin-Reich,Putin-Reich,LOC,0.0,0.0,de,1,,,,,,,,,,
Kiesewetter,Kiesewetter,LOC,-1.0,0.0,de,1,,,,,,,,,,
US-Gesandten,US-Gesandten,LOC,0.0,0.0,de,1,,,,,,,,,,
Staatsmedien,Staatsmedien,LOC,0.0,0.0,de,1,,,,,,,,,,
US-Gesandte,US-Gesandte,LOC,1.0,0.0,de,1,,,,,,,,,,
Musik-Sekunden,Musik-Sekunden,LOC,0.0,1.0,de,1,,,,,,,,,,
Eskalation</li><li,Eskalation</li><li,LOC,0.7,0.0,de,1,,,,,,,,,,
US‑Podcast,US‑Podcast,LOC,0.0,0.0,de,1,,,,,,,,,,
S. Fritz,S. Fritz,LOC,0.0,0.0,de,1,,,,,,,,,,
Nord-,Nord-,LOC,0.0,0.0,de,1,,,,,,,,,,
Luftalarms,Luftalarms,LOC,-0.9,0.0,de,1,,,,,,,,,,
Kursdorf,Kursdorf,LOC,0.0,0.0,de,1,,,,,,,,,,
Filmfestival,Filmfestival,LOC,0.0,0.0,de,1,,,,,,,,,,
US-Delegation,US-Delegation,LOC,-0.7,0.0,de,1,,,,,,,,,,
US-Unterhändler,US-Unterhändler,LOC,-0.7,0.0,de,1,,,,,,,,,,
US-Unterhändlern,US-Unterhändlern,LOC,0.0,0.0,de,1,,,,,,,,,,
Nato-Kampfflugzeuge,Nato-Kampfflugzeuge,LOC,0.0,0.0,de,1,,,,,,,,,,
EU-Sanktionen,EU-Sanktionen,LOC,0.0,0.0,de,1,,,,,,,,,,
GBit/s,GBit/s,LOC,0.0,0.0,de,1,,,,,,,,,,
Telefónica,Telefónica,LOC,0.7,0.0,de,1,,,,,,,,,,
Glasfaser,Glasfaser,LOC,0.7,0.0,de,1,,,,,,,,,,
Russisches Haus vor dem Aus,Russisches Haus vor dem Aus,LOC,0.0,0.0,de,1,,,,,,,,,,
Gefahr,Gefahr,LOC,0.0,0.0,de,1,,,,,,,,,,
Saisonbeginn,Saisonbeginn,LOC,0.0,0.0,de,1,,,,,,,,,,
Drohnen-Fabrik,Drohnen-Fabrik,LOC,0.0,0.0,de,1,,,,,,,,,,
Drohnenfabrik,Drohnenfabrik,LOC,0.0,0.0,de,1,,,,,,,,,,
Gebiet Dnipropetrowsk,Gebiet Dnipropetrowsk,LOC,-1.0,0.0,de,1,,,,,,,,,,
Trumps,Trumps,LOC,-1.0,0.0,de,1,,,,,,,,,,
Barentsburg,Barentsburg,LOC,0.0,0.0,de,1,,,,,,,,,,
K2-Panzern,K2-Panzern,LOC,0.0,0.0,de,1,,,,,,,,,,
Regen,Regen,LOC,0.0,0.0,de,1,,,,,,,,,,
Sophienkathedrale,Sophienkathedrale,LOC,0.7,0.0,de,1,,,,,,,,,,
Bon…,Bon…,LOC,0.0,0.0,de,1,,,,,,,,,,
Islamischen Republik,Islamischen Republik,LOC,0.0,0.0,de,1,,,,,,,,,,
Geheimdienst-Zentrale,Geheimdienst-Zentrale,LOC,0.0,0.0,de,1,,,,,,,,,,
Geheimdienst-Quartier,Geheimdienst-Quartier,LOC,0.0,0.0,de,1,,,,,,,,,,
Stadtrajon Schewtschenko,Stadtrajon Schewtschenko,LOC,0.0,0.0,de,1,,,,,,,,,,
Nebel,Nebel,LOC,0.0,0.0,de,1,,,,,,,,,,
Obstbäume,Obstbäume,LOC,0.0,0.0,de,1,,,,,,,,,,
Sangerhausen,Sangerhausen,LOC,0.0,0.0,de,1,,,,,,,,,,
Russen,Russen,LOC,0.0,0.0,de,1,,,,,,,,,,
Reisfelder,Reisfelder,LOC,0.0,0.0,de,1,,,,,,,,,,
Walnussbäume,Walnussbäume,LOC,0.0,0.0,de,1,,,,,,,,,,
Medienberichten,Medienberichten,LOC,0.7,0.0,de,1,,,,,,,,,,
Argentinier,Argentinier,LOC,0.0,0.0,de,1,,,,,,,,,,
Diamond-League-Finale,Diamond-League-Finale,LOC,0.0,0.0,de,1,,,,,,,,,,
Meinungsunterschiede,Meinungsunterschiede,LOC,0.0,0.0,de,1,,,,,,,,,,
Cyberang…,Cyberang…,LOC,-0.7,0.0,de,1,,,,,,,,,,
AfD-Regierungspläne,AfD-Regierungspläne,LOC,-0.15000000000000002,0.0,de,1,,,,,,,,,,
W…,W…,LOC,0.0,0.0,de,1,,,,,,,,,,
Dänen,Dänen,LOC,0.0,0.0,de,1,,,,,,,,,,
Sa…,Sa…,LOC,0.0,0.0,de,1,,,,,,,,,,
Trump-Gesandte,Trump-Gesandte,LOC,0.0,0.0,de,1,,,,,,,,,,
Tatar…,Tatar…,LOC,0.0,0.0,de,1,,,,,,,,,,
Malé,Malé,LOC,0.0,0.0,de,1,,,,,,,,,,
Veröffentlichung,Veröffentlichung,LOC,0.0,0.0,de,1,,,,,,,,,,
Selenskyj-Warnung,Selenskyj-Warnung,LOC,0.0,0.0,de,1,,,,,,,,,,
t3n.de,t3n.de,LOC,0.0,0.0,de,1,,,,,,,,,,
Brandattacke,Brandattacke,LOC,0.7,0.0,de,1,,,,,,,,,,
Artilleriereichweite,Artilleriereichweite,LOC,0.0,0.0,de,1,,,,,,,,,,
Donezkgrundlegend,Donezkgrundlegend,LOC,0.0,0.0,de,1,,,,,,,,,,
Massachusetts,Massachusetts,LOC,-0.7,0.0,de,1,,,,,,,,,,
Hintergrund,Hintergrund,LOC,1.0,0.0,de,1,,,,,,,,,,
Szenario,Szenario,LOC,0.0,1.0,de,1,,,,,,,,,,
Forschern,Forschern,LOC,0.0,0.0,de,1,,,,,,,,,,
russischen Außenministeriums,russischen Außenministeriums,LOC,0.2333333333333333,0.0,de,1,,,,,,,,,,
Kremlsprecher,Kremlsprecher,LOC,0.0,0.0,de,1,,,,,,,,,,
Veranstalterangaben,Veranstalterangaben,LOC,0.0,0.0,de,1,,,,,,,,,,
Bundeswehr-Beständen,Bundeswehr-Beständen,LOC,0.0,0.0,de,1,,,,,,,,,,
Grimaldi-Forum,Grimaldi-Forum,LOC,0.0,0.0,de,1,,,,,,,,,,
Sparta,Sparta,LOC,0.0,0.0,de,1,,,,,,,,,,
Militärausgaben,Militärausgaben,LOC,0.0,0.0,de,1,,,,,,,,,,
Haushaltsdefizit,Haushaltsdefizit,LOC,0.0,1.0,de,1,,,,,,,,,,
Klagenfurt,Klagenfurt,LOC,0.7,0.0,de,1,,,,,,,,,,
Routine,Routine,LOC,1.0,0.0,de,1,,,,,,,,,,
Leverkusen,Leverkusen,LOC,0.0,0.0,de,1,,,,,,,,,,
Ural-Gebirge,Ural-Gebirge,LOC,0.0,0.0,de,1,,,,,,,,,,
Perm,Perm,LOC,0.0,0.0,de,1,,,,,,,,,,
Debüt-Treffer,Debüt-Treffer,LOC,0.0,0.0,de,1,,,,,,,,,,
Monac…,Monac…,LOC,0.0,0.0,de,1,,,,,,,,,,
<strong>,<strong>,LOC,0.0,0.0,de,1,,,,,,,,,,
Satellitenbildern,Satellitenbildern,LOC,0.0,0.0,de,1,,,,,,,,,,
Präsidentenpalast,Präsidentenpalast,LOC,0.0,0.0,de,1,,,,,,,,,,
Tumen,Tumen,LOC,0.0,0.0,de,1,,,,,,,,,,
überspanne,überspanne,LOC,0.0,0.0,de,1,,,,,,,,,,
Luftangriff,Luftangriff,LOC,0.0,1.0,de,1,,,,,,,,,,
fertigliest,fertigliest,LOC,-0.35,0.5,de,1,,,,,,,,,,
Fehmar…,Fehmar…,LOC,0.0,0.0,de,1,,,,,,,,,,
Fehmarnbelt-Verbindung,Fehmarnbelt-Verbindung,LOC,0.35,0.5,de,1,,,,,,,,,,
Iskander-1000,Iskander-1000,LOC,-0.7,0.0,de,1,,,,,,,,,,
US-Auslandsgeheimdienstes,US-Auslandsgeheimdienstes,LOC,0.0,0.0,de,1,,,,,,,,,,
Himalaya,Himalaya,LOC,0.0,0.0,de,1,,,,,,,,,,
Lake Ontario,Lake Ontario,LOC,0.0,0.0,de,1,,,,,,,,,,
Haushaltsberatungen,Haushaltsberatungen,LOC,0.0,0.0,de,1,,,,,,,,,,
Lake America“ p…,Lake America“ p…,LOC,0.0,0.0,de,1,,,,,,,,,,
Starokosatsche,Starokosatsche,LOC,0.0,0.0,de,1,,,,,,,,,,
Lawrow-Treffen,Lawrow-Treffen,LOC,0.0,0.0,de,1,,,,,,,,,,
Kremls,Kremls,LOC,-1.0,0.0,de,1,,,,,,,,,,
Swjatohirsk nordwes…,Swjatohirsk nordwes…,LOC,0.0,0.0,de,1,,,,,,,,,,
Lyman-Gegenoffensive,Lyman-Gegenoffensive,LOC,0.0,0.0,de,1,,,,,,,,,,
CIA-Direktor,CIA-Direktor,LOC,-0.25,0.0,de,1,,,,,,,,,,
Drohnen-Vorfällen,Drohnen-Vorfällen,LOC,0.0,0.0,de,1,,,,,,,,,,
baltischen Staaten,baltischen Staaten,LOC,-1.0,0.0,de,1,,,,,,,,,,
Tarife,Tarife,LOC,0.0,0.0,de,1,,,,,,,,,,
Sankt Elmo,Sankt Elmo,LOC,0.0,0.0,de,1,,,,,,,,,,
Sondersitzung,Sondersitzung,LOC,0.0,0.0,de,1,,,,,,,,,,
Kinodeutschlands,Kinodeutschlands,LOC,0.43333333333333335,0.0,de,1,,,,,,,,,,
LNG-Hahn,LNG-Hahn,LOC,-1.0,0.0,de,1,,,,,,,,,,
Regierungsflieger,Regierungsflieger,LOC,-1.0,0.0,de,1,,,,,,,,,,
Statistische Bundesamt,Statistische Bundesamt,LOC,0.0,0.0,de,1,,,,,,,,,,
Volleyballerinnen,Volleyballerinnen,LOC,0.0,0.0,de,1,,,,,,,,,,
Russisches Haus und Generalkonsulat,Russisches Haus und Generalkonsulat,LOC,0.0,0.0,de,1,,,,,,,,,,
Dunkeln,Dunkeln,LOC,-1.0,0.0,de,1,,,,,,,,,,
Störche brüten,Störche brüten,LOC,0.0,0.0,de,1,,,,,,,,,,
Fortschritten,Fortschritten,LOC,0.0,0.0,de,1,,,,,,,,,,
Donezker,Donezker,LOC,0.0,1.0,de,1,,,,,,,,,,
Klingbeil,Klingbeil,LOC,-1.0,0.0,de,1,,,,,,,,,,
⁠Gebäude ⁠Munition,⁠Gebäude ⁠Munition,LOC,0.0,0.0,de,1,,,,,,,,,,
Marineschiffe,Marineschiffe,LOC,0.0,0.0,de,1,,,,,,,,,,
Idyll,Idyll,LOC,0.0,0.0,de,1,,,,,,,,,,
Umspannwerk Bergheim,Umspannwerk Bergheim,LOC,0.0,0.0,de,1,,,,,,,,,,
Jänschwalde,Jänschwalde,LOC,0.0,0.0,de,1,,,,,,,,,,
NRW,NRW,LOC,0.0,0.0,de,1,,,,,,,,,,
Laufen,Laufen,LOC,0.0,0.0,de,1,,,,,,,,,,
Bergheim bei Köln,Bergheim bei Köln,LOC,0.0,0.0,de,1,,,,,,,,,,
Weißen Haus,Weißen Haus,LOC,-0.85,0.0,de,1,,,,,,,,,,
Steglitz,Steglitz,LOC,-1.0,0.0,de,1,,,,,,,,,,
Orliwka,Orliwka,LOC,0.0,0.0,de,1,,,,,,,,,,
Einschränkungen,Einschränkungen,LOC,0.0,0.0,de,1,,,,,,,,,,
Bezirk Butscha,Bezirk Butscha,LOC,0.0,0.0,de,1,,,,,,,,,,
Crowdstrike,Crowdstrike,LOC,0.0,0.0,de,1,,,,,,,,,,
Bündnispartner,Bündnispartner,LOC,1.0,0.0,de,1,,,,,,,,,,
Extremsport,Extremsport,LOC,0.0,0.0,de,1,,,,,,,,,,
Medien,Medien,LOC,0.0,0.0,de,1,,,,,,,,,,
US-Militärk…,US-Militärk…,LOC,0.0,0.0,de,1,,,,,,,,,,
Nato-Manöver,Nato-Manöver,LOC,0.0,0.0,de,1,,,,,,,,,,
Palästina,Palästina,LOC,0.0,0.0,de,1,,,,,,,,,,
Kaliningrad,Kaliningrad,LOC,0.0,0.0,de,1,,,,,,,,,,
Millionenhilfe,Millionenhilfe,LOC,0.0,0.0,de,1,,,,,,,,,,
Arbeitsplätzen,Arbeitsplätzen,LOC,-0.85,0.0,de,1,,,,,,,,,,
Straße von…,Straße von…,LOC,-1.0,0.0,de,1,,,,,,,,,,
K…,K…,LOC,0.0,0.0,de,1,,,,,,,,,,
Kie…,Kie…,LOC,0.0,0.0,de,1,,,,,,,,,,
Montagabend,Montagabend,LOC,0.0,0.0,de,1,,,,,,,,,,
Pfeile,Pfeile,LOC,0.0,0.0,de,1,,,,,,,,,,
Wolgograd,Wolgograd,LOC,0.0,0.0,de,1,,,,,,,,,,
Dreimillionenstadt,Dreimillionenstadt,LOC,0.0,1.0,de,1,,,,,,,,,,
Fehmarn,Fehmarn,LOC,0.0,0.0,de,1,,,,,,,,,,
Hitze,Hitze,LOC,0.0,0.0,de,1,,,,,,,,,,
Stromausfälle,Stromausfälle,LOC,0.0,0.0,de,1,,,,,,,,,,
Autokratie,Autokratie,LOC,0.0,0.0,de,1,,,,,,,,,,
Seitenstraßen,Seitenstraßen,LOC,0.0,1.0,de,1,,,,,,,,,,
Grünanlagen,Grünanlagen,LOC,0.0,1.0,de,1,,,,,,,,,,
spani…,spani…,LOC,0.0,0.0,de,1,,,,,,,,,,
Alejandro,Alejandro,LOC,0.0,0.0,de,1,,,,,,,,,,
Infantino,Infantino,LOC,0.0,0.0,de,1,,,,,,,,,,
Einsatzkräfte,Einsatzkräfte,LOC,0.0,0.0,de,1,,,,,,,,,,
Meeresboden,Meeresboden,LOC,0.0,0.0,de,1,,,,,,,,,,
beispiellosen Ansturm,beispiellosen Ansturm,LOC,0.0,0.0,de,1,,,,,,,,,,
Flüchtlingsansturm,Flüchtlingsansturm,LOC,0.0,0.0,de,1,,,,,,,,,,
Taucher,Taucher,LOC,-0.7,0.0,de,1,,,,,,,,,,
Tarajal,Tarajal,LOC,-1.0,0.0,de,1,,,,,,,,,,
Bewohner sauer,Bewohner sauer,LOC,0.0,0.0,de,1,,,,,,,,,,
Konsens,Konsens,LOC,0.0,0.0,de,1,,,,,,,,,,
Eindrücke,Eindrücke,LOC,0.0,0.0,de,1,,,,,,,,,,
Fake-News,Fake-News,LOC,0.0,0.0,de,1,,,,,,,,,,
Tiktok-Fake-News,Tiktok-Fake-News,LOC,-1.0,0.0,de,1,,,,,,,,,,
Schuldvorwürfe,Schuldvorwürfe,LOC,0.0,0.0,de,1,,,,,,,,,,
Geschäfte,Geschäfte,LOC,0.0,0.0,de,1,,,,,,,,,,
Nachbesserungen,Nachbesserungen,LOC,0.0,0.0,de,1,,,,,,,,,,
Bewegungen,Bewegungen,LOC,0.0,0.0,de,1,,,,,,,,,,
Nordaf…,Nordaf…,LOC,0.0,0.0,de,1,,,,,,,,,,
Brände,Brände,LOC,0.0,0.0,de,1,,,,,,,,,,
Welthunger,Welthunger,LOC,0.0,0.0,de,1,,,,,,,,,,
Kontrollen,Kontrollen,LOC,0.0,0.0,de,1,,,,,,,,,,
Mailand,Mailand,LOC,0.0,0.0,de,1,,,,,,,,,,
Dortmund,Dortmund,LOC,0.0,0.0,de,1,,,,,,,,,,
Mig…,Mig…,LOC,0.0,0.0,de,1,,,,,,,,,,
Urlaubsländer,Urlaubsländer,LOC,0.7,0.0,de,1,,,,,,,,,,
West-Nil-Fiebers,West-Nil-Fiebers,LOC,0.7,0.0,de,1,,,,,,,,,,
afrikanischen Staat,afrikanischen Staat,LOC,0.0,0.0,de,1,,,,,,,,,,
Buhrufe,Buhrufe,LOC,0.0,0.0,de,1,,,,,,,,,,
Tass un…,Tass un…,LOC,0.0,0.0,de,1,,,,,,,,,,
Beschimpfungen,Beschimpfungen,LOC,0.0,0.0,de,1,,,,,,,,,,
Viva España,Viva España,LOC,0.0,1.0,de,1,,,,,,,,,,
Rückweg,Rückweg,LOC,0.0,0.0,de,1,,,,,,,,,,
Liveblog Tech-Milliardär,Liveblog Tech-Milliardär,LOC,-0.10000000000000002,0.3333333333333333,de,1,,,,,,,,,,
Nahost,Nahost,LOC,0.0,0.0,de,1,,,,,,,,,,
Grenzen,Grenzen,LOC,0.0,0.0,de,1,,,,,,,,,,
Handelswege,Handelswege,LOC,0.0,0.0,de,1,,,,,,,,,,
Tief im Fernen Osten,Tief im Fernen Osten,LOC,0.0,0.0,de,1,,,,,,,,,,
russischen Riesenreiches,russischen Riesenreiches,LOC,0.0,0.0,de,1,,,,,,,,,,
Reisepass,Reisepass,LOC,0.0,0.0,de,1,,,,,,,,,,
trackt,trackt,LOC,0.0,0.0,de,1,,,,,,,,,,
Tübingen,Tübingen,LOC,0.85,0.0,de,1,,,,,,,,,,
Straßkirchen,Straßkirchen,LOC,-1.0,0.0,de,1,,,,,,,,,,
West-Java,West-Java,LOC,0.7,0.0,de,1,,,,,,,,,,
Autobahn Poltawa-Charkiw,Autobahn Poltawa-Charkiw,LOC,0.0,0.0,de,1,,,,,,,,,,
Mallorca,Mallorca,LOC,-1.0,0.0,de,1,,,,,,,,,,
Balearen,Balearen,LOC,0.0,0.0,de,1,,,,,,,,,,
Energieengpässen,Energieengpässen,LOC,0.0,0.0,de,1,,,,,,,,,,
Flüchtlingskrise,Flüchtlingskrise,LOC,0.0,0.0,de,1,,,,,,,,,,
spanischen Exklaven,spanischen Exklaven,LOC,0.0,0.0,de,1,,,,,,,,,,
Gebiet Wladimir,Gebiet Wladimir,LOC,1.0,0.0,de,1,,,,,,,,,,
Lelgohand,Lelgohand,LOC,0.0,0.0,de,1,,,,,,,,,,
Spanier,Spanier,LOC,0.7,0.0,de,1,,,,,,,,,,
Gegengift-Managerin,Gegengift-Managerin,LOC,0.0,0.0,de,1,,,,,,,,,,
Fifa-Bosses,Fifa-Bosses,LOC,0.0,0.0,de,1,,,,,,,,,,
Fifa-Boss,Fifa-Boss,LOC,0.35,0.5,de,1,,,,,,,,,,
Hitzewende,Hitzewende,LOC,0.0,0.0,de,1,,,,,,,,,,
Krisenmodus,Krisenmodus,LOC,0.0,0.0,de,1,,,,,,,,,,
Bränden,Bränden,LOC,-0.85,0.0,de,1,,,,,,,,,,
Datenpakete,Datenpakete,LOC,0.0,0.0,de,1,,,,,,,,,,
Mannheimer,Mannheimer,LOC,0.0,0.0,de,1,,,,,,,,,,
TTS-Player überspringenArtikel weiterlesenCuliacán,TTS-Player überspringenArtikel weiterlesenCuliacán,LOC,1.0,0.0,de,1,,,,,,,,,,
Fesseln,Fesseln,LOC,0.0,0.0,de,1,,,,,,,,,,
Karawang,Karawang,LOC,0.7,0.0,de,1,,,,,,,,,,
Tri Maharani,Tri Maharani,LOC,0.0,0.0,de,1,,,,,,,,,,
Innenmi…,Innenmi…,LOC,0.0,0.0,de,1,,,,,,,,,,
italienische Regierung,italienische Regierung,LOC,0.0,0.0,de,1,,,,,,,,,,
Batavia,Batavia,LOC,0.0,0.0,de,1,,,,,,,,,,
Schiffes,Schiffes,LOC,0.0,0.0,de,1,,,,,,,,,,
Barcelonas,Barcelonas,LOC,0.0,0.0,de,1,,,,,,,,,,
Anlasses,Anlasses,LOC,1.0,0.0,de,1,,,,,,,,,,
Handlungsbedarf,Handlungsbedarf,LOC,-1.0,0.0,de,1,,,,,,,,,,
Tiznit,Tiznit,LOC,0.0,0.0,de,1,,,,,,,,,,
Dakhla,Dakhla,LOC,0.0,0.0,de,1,,,,,,,,,,
Aurora,Aurora,LOC,0.0,0.0,de,1,,,,,,,,,,
Genua,Genua,LOC,0.0,0.0,de,1,,,,,,,,,,
Zehntausender Migranten aus …,Zehntausender Migranten aus …,LOC,0.0,0.0,de,1,,,,,,,,,,
Kobra,Kobra,LOC,0.0,0.0,de,1,,,,,,,,,,
Social-Media-Gruppen,Social-Media-Gruppen,LOC,0.0,0.0,de,1,,,,,,,,,,
Photovoltaik,Photovoltaik,LOC,0.0,0.0,de,1,,,,,,,,,,
Gebüsch,Gebüsch,LOC,0.0,0.0,de,1,,,,,,,,,,
Haus,Haus,LOC,0.0,1.0,de,1,,,,,,,,,,
Zaun Obstbäume,Zaun Obstbäume,LOC,0.0,0.0,de,1,,,,,,,,,,
Starlink-Apparatur,Starlink-Apparatur,LOC,0.0,0.0,de,1,,,,,,,,,,
Lenin-Denkmal der Stadt Sewastopol,Lenin-Denkmal der Stadt Sewastopol,LOC,0.0,0.0,de,1,,,,,,,,,,
Spuk,Spuk,LOC,0.7,0.0,de,1,,,,,,,,,,
Lagerhaus,Lagerhaus,LOC,-1.0,0.0,de,1,,,,,,,,,,
Obergerichtshofes,Obergerichtshofes,LOC,-1.0,0.0,de,1,,,,,,,,,,
Schengen-Raums,Schengen-Raums,LOC,1.0,0.0,de,1,,,,,,,,,,
Haie,Haie,LOC,0.0,0.0,de,1,,,,,,,,,,
Finanzkreisen,Finanzkreisen,LOC,0.0,0.0,de,1,,,,,,,,,,
Krankenhäusern…,Krankenhäusern…,LOC,0.0,0.0,de,1,,,,,,,,,,
Daten-Deals,Daten-Deals,LOC,0.0,0.0,de,1,,,,,,,,,,
Schutzanzügen,Schutzanzügen,LOC,0.7,0.0,de,1,,,,,,,,,,
Nato-Gipfel,Nato-Gipfel,LOC,1.0,0.0,de,1,,,,,,,,,,
Tagger,Tagger,LOC,0.0,0.0,de,1,,,,,,,,,,
Jiujiang,Jiujiang,LOC,0.0,0.0,de,1,,,,,,,,,,
Río de la Plata,Río de la Plata,LOC,0.7,0.0,de,1,,,,,,,,,,
Kampagne,Kampagne,LOC,0.0,0.0,de,1,,,,,,,,,,
Regensburg,Regensburg,LOC,0.0,0.0,de,1,,,,,,,,,,
Umgang,Umgang,LOC,0.0,0.0,de,1,,,,,,,,,,
Chifeng,Chifeng,LOC,0.0,0.0,de,1,,,,,,,,,,
ARTE-Doku,ARTE-Doku,LOC,0.175,0.0,de,1,,,,,,,,,,
Dürreperioden,Dürreperioden,LOC,0.0,0.0,de,1,,,,,,,,,,
Wasserentnahme,Wasserentnahme,LOC,-0.85,0.0,de,1,,,,,,,,,,
Läden,Läden,LOC,0.0,0.0,de,1,,,,,,,,,,
Hindukusch,Hindukusch,LOC,0.0,0.0,de,1,,,,,,,,,,
Verteidigungsministerium,Verteidigungsministerium,LOC,0.7,0.0,de,1,,,,,,,,,,
Havel,Havel,LOC,-0.7,0.0,de,1,,,,,,,,,,
Ostdeutschland,Ostdeutschland,LOC,0.0,0.0,de,1,,,,,,,,,,
Straße ge,Straße ge,LOC,0.0,0.0,de,1,,,,,,,,,,
WHO-Regionalbüro,WHO-Regionalbüro,LOC,0.0,0.0,de,1,,,,,,,,,,
Südchinesisches Meer,Südchinesisches Meer,LOC,0.0,0.0,de,1,,,,,,,,,,
Broadway,Broadway,LOC,0.0,0.0,de,1,,,,,,,,,,
Huthi-Miliz,Huthi-Miliz,LOC,0.0,0.0,de,1,,,,,,,,,,
Weltreise,Weltreise,LOC,0.0,0.0,de,1,,,,,,,,,,
verleg…,verleg…,LOC,0.0,0.0,de,1,,,,,,,,,,
Valencia,Valencia,LOC,0.0,0.0,de,1,,,,,,,,,,
Ebola-Ausbruch,Ebola-Ausbruch,LOC,0.35,0.5,de,1,,,,,,,,,,
Eisenhüttenstadt,Eisenhüttenstadt,LOC,-1.0,0.0,de,1,,,,,,,,,,
Sehens,Sehens,LOC,0.0,0.0,de,1,,,,,,,,,,
Rosenheim,Rosenheim,LOC,0.0,0.0,de,1,,,,,,,,,,
Römer,Römer,LOC,0.0,0.0,de,1,,,,,,,,,,
Aarau,Aarau,LOC,0.0,0.0,de,1,,,,,,,,,,
Faridoon Tofan,Faridoon Tofan,LOC,0.0,0.0,de,1,,,,,,,,,,
Russischen Föderation,Russischen Föderation,LOC,1.0,0.0,de,1,,,,,,,,,,
Straftätern,Straftätern,LOC,-1.0,0.0,de,1,,,,,,,,,,
Windkraftanlagen,Windkraftanlagen,LOC,0.0,0.0,de,1,,,,,,,,,,
Mittwochabend,Mittwochabend,LOC,0.0,0.0,de,1,,,,,,,,,,
Startbasis,Startbasis,LOC,0.0,0.0,de,1,,,,,,,,,,
Bundeswehr-Trägerraketen,Bundeswehr-Trägerraketen,LOC,0.0,0.0,de,1,,,,,,,,,,
Regierungswechsel,Regierungswechsel,LOC,0.0,0.0,de,1,,,,,,,,,,
Ottobrunner,Ottobrunner,LOC,0.0,0.0,de,1,,,,,,,,,,
Hinspi…,Hinspi…,LOC,0.0,0.0,de,1,,,,,,,,,,
Streits,Streits,LOC,-0.7,0.0,de,1,,,,,,,,,,
Gang,Gang,LOC,0.7,0.0,de,1,,,,,,,,,,
Ebola-Toten,Ebola-Toten,LOC,0.7,0.0,de,1,,,,,,,,,,
zentralafrikanischen Land,zentralafrikanischen Land,LOC,0.0,0.0,de,1,,,,,,,,,,
Outlook-Nutzern,Outlook-Nutzern,LOC,0.0,0.0,de,1,,,,,,,,,,
Apotheke,Apotheke,LOC,0.0,0.0,de,1,,,,,,,,,,
Klosterapotheke,Klosterapotheke,LOC,0.0,0.0,de,1,,,,,,,,,,
Toskana,Toskana,LOC,0.0,0.0,de,1,,,,,,,,,,
Bordeaux,Bordeaux,LOC,-0.5,0.5,de,1,,,,,,,,,,
Neues Museum,Neues Museum,LOC,0.0,0.0,de,1,,,,,,,,,,
Schnellladeausbau,Schnellladeausbau,LOC,0.7,0.0,de,1,,,,,,,,,,
Klimawandel,Klimawandel,LOC,0.0,0.0,de,1,,,,,,,,,,
DFB-Boss Neuendorf,DFB-Boss Neuendorf,LOC,-1.0,0.0,de,1,,,,,,,,,,
Protesten,Protesten,LOC,0.0,0.0,de,1,,,,,,,,,,
Kalifornien,Kalifornien,LOC,0.7,0.0,de,1,,,,,,,,,,
US-Angriffspause,US-Angriffspause,LOC,0.0,0.0,de,1,,,,,,,,,,
Notstand,Notstand,LOC,0.0,0.0,de,1,,,,,,,,,,
Militär,Militär,LOC,0.7,0.0,de,1,,,,,,,,,,
Onlinedienstes Telegram,Onlinedienstes Telegram,LOC,0.7,0.0,de,1,,,,,,,,,,
Investoren-Pläne,Investoren-Pläne,LOC,0.0,0.0,de,1,,,,,,,,,,
Militäreinsatz,Militäreinsatz,LOC,0.0,0.0,de,1,,,,,,,,,,
Riesen-Flasche,Riesen-Flasche,LOC,0.0,0.0,de,1,,,,,,,,,,
Sahara,Sahara,LOC,0.7,0.0,de,1,,,,,,,,,,
Rote Meer,Rote Meer,LOC,0.0,0.0,de,1,,,,,,,,,,
Obersten Gerichtshofs,Obersten Gerichtshofs,LOC,-0.7,0.0,de,1,,,,,,,,,,
zentralafrikanische Land,zentralafrikanische Land,LOC,0.0,1.0,de,1,,,,,,,,,,
Kreml-Chef Putin,Kreml-Chef Putin,LOC,0.0,0.0,de,1,,,,,,,,,,
Nordafrika-Exklave,Nordafrika-Exklave,LOC,0.0,1.0,de,1,,,,,,,,,,
West…,West…,LOC,0.0,0.0,de,1,,,,,,,,,,
Karibik,Karibik,LOC,-1.0,0.0,de,1,,,,,,,,,,
Börsianer,Börsianer,LOC,-0.7,0.0,de,1,,,,,,,,,,
Börsen,Börsen,LOC,1.0,0.0,de,1,,,,,,,,,,
Borussia Dortmund,Borussia Dortmund,LOC,0.0,0.0,de,1,,,,,,,,,,
Landtagswahl,Landtagswahl,LOC,0.0,0.0,de,1,,,,,,,,,,
Wahlergebnisses,Wahlergebnisses,LOC,-1.0,0.0,de,1,,,,,,,,,,
Nikkei,Nikkei,LOC,0.0,1.0,de,1,,,,,,,,,,
Amerikas,Amerikas,LOC,0.0,0.0,de,1,,,,,,,,,,
Crown Heights,Crown Heights,LOC,0.0,0.0,de,1,,,,,,,,,,
Brooklyn,Brooklyn,LOC,0.0,0.0,de,1,,,,,,,,,,
IS-Bekennervideo,IS-Bekennervideo,LOC,0.0,0.0,de,1,,,,,,,,,,
Erzgebirge,Erzgebirge,LOC,0.0,0.0,de,1,,,,,,,,,,
Batterien,Batterien,LOC,0.7,0.0,de,1,,,,,,,,,,
Lithium,Lithium,LOC,0.7,0.0,de,1,,,,,,,,,,
Kindern,Kindern,LOC,-1.0,0.0,de,1,,,,,,,,,,
Brent,Brent,LOC,0.0,0.0,de,1,,,,,,,,,,
Nationalteams,Nationalteams,LOC,0.0,0.0,de,1,,,,,,,,,,
Land …,Land …,LOC,0.0,0.0,de,1,,,,,,,,,,
Strider,Strider,LOC,0.0,0.0,de,1,,,,,,,,,,
Kacem El Ghazzali06.08.2026,Kacem El Ghazzali06.08.2026,LOC,0.0,0.0,de,1,,,,,,,,,,
Balaklija,Balaklija,LOC,0.0,0.0,de,1,,,,,,,,,,
Düsseldorfer Landtag …,Düsseldorfer Landtag …,LOC,0.0,0.0,de,1,,,,,,,,,,
Kriegspartei,Kriegspartei,LOC,0.0,0.0,de,1,,,,,,,,,,
Lusaka,Lusaka,LOC,0.7,0.0,de,1,,,,,,,,,,
Kongo-Hotspot,Kongo-Hotspot,LOC,0.0,0.0,de,1,,,,,,,,,,
Nyan-Jet-Drohnen,Nyan-Jet-Drohnen,LOC,-0.15000000000000002,0.0,de,1,,,,,,,,,,
ASEAN-Gipfel,ASEAN-Gipfel,LOC,0.0,0.0,de,1,,,,,,,,,,
Jaroslawl,Jaroslawl,LOC,0.0,0.0,de,1,,,,,,,,,,
Konzert,Konzert,LOC,0.0,0.0,de,1,,,,,,,,,,
Ebola-Hilfe,Ebola-Hilfe,LOC,0.7,0.0,de,1,,,,,,,,,,
St…,St…,LOC,0.0,0.0,de,1,,,,,,,,,,
Prognose-Zirkus,Prognose-Zirkus,LOC,1.0,0.0,de,1,,,,,,,,,,
Westafrika,Westafrika,LOC,0.0,0.0,de,1,,,,,,,,,,
Onlinehändlers Wildberries,Onlinehändlers Wildberries,LOC,0.0,0.0,de,1,,,,,,,,,,
Krisengebieten,Krisengebieten,LOC,0.0,0.0,de,1,,,,,,,,,,
VAE,VAE,LOC,0.0,0.0,de,1,,,,,,,,,,
russischen Altai-Gebirge,russischen Altai-Gebirge,LOC,-0.7,0.0,de,1,,,,,,,,,,
Russische Backdoor,Russische Backdoor,LOC,0.0,0.0,de,1,,,,,,,,,,
Kameras,Kameras,LOC,0.7,0.0,de,1,,,,,,,,,,
Ballsaals im Weißen Haus,Ballsaals im Weißen Haus,LOC,-1.0,0.0,de,1,,,,,,,,,,
Wavre,Wavre,LOC,0.0,0.0,de,1,,,,,,,,,,
Razzia,Razzia,LOC,0.0,0.0,de,1,,,,,,,,,,
Präsidialamts,Präsidialamts,LOC,0.0,0.0,de,1,,,,,,,,,,
Auflockerungen,Auflockerungen,LOC,0.0,0.0,de,1,,,,,,,,,,
Drohnenschwarm,Drohnenschwarm,LOC,-1.0,0.0,de,1,,,,,,,,,,
Konfrontationskurs,Konfrontationskurs,LOC,0.0,0.0,de,1,,,,,,,,,,
Wildberries-Lager,Wildberries-Lager,LOC,0.0,0.0,de,1,,,,,,,,,,
Sprengstoffdrohne,Sprengstoffdrohne,LOC,1.0,0.0,de,1,,,,,,,,,,
Kriegsgegner-Partei Jablonko,Kriegsgegner-Partei Jablonko,LOC,0.7,0.0,de,1,,,,,,,,,,
Thessaloniki,Thessaloniki,LOC,0.7,0.0,de,1,,,,,,,,,,
Musik-Demo,Musik-Demo,LOC,0.0,0.0,de,1,,,,,,,,,,
Tatorts,Tatorts,LOC,0.0,0.0,de,1,,,,,,,,,,
Geist von Anchorage,Geist von Anchorage,LOC,0.0,0.0,de,1,,,,,,,,,,
Notfallsituationen,Notfallsituationen,LOC,0.0,0.0,de,1,,,,,,,,,,
Podolsk,Podolsk,LOC,-1.0,0.0,de,1,,,,,,,,,,
Klimaresiliente,Klimaresiliente,LOC,0.0,1.0,de,1,,,,,,,,,,
Schäden,Schäden,LOC,0.0,0.0,de,1,,,,,,,,,,
Schlosberg,Schlosberg,LOC,0.0,0.0,de,1,,,,,,,,,,
Nato-Jet,Nato-Jet,LOC,-0.7,0.0,de,1,,,,,,,,,,
Museum,Museum,LOC,0.0,0.0,de,1,,,,,,,,,,
Gulbenkian-Museum,Gulbenkian-Museum,LOC,0.0,0.0,de,1,,,,,,,,,,
Oniks,Oniks,LOC,0.0,0.0,de,1,,,,,,,,,,
Zirkon,Zirkon,LOC,0.0,0.0,de,1,,,,,,,,,,
Erdbeben,Erdbeben,LOC,-0.7,0.0,de,1,,,,,,,,,,
VK,VK,LOC,0.0,0.0,de,1,,,,,,,,,,
Obersten Gerichtshof,Obersten Gerichtshof,LOC,0.7,0.0,de,1,,,,,,,,,,
Druckereien,Druckereien,LOC,0.0,0.0,de,1,,,,,,,,,,
ukrainische Regierung,ukrainische Regierung,LOC,1.0,0.0,de,1,,,,,,,,,,
Korrputionsvorwürfen,Korrputionsvorwürfen,LOC,0.0,0.0,de,1,,,,,,,,,,
Millionenhöhe,Millionenhöhe,LOC,0.0,0.0,de,1,,,,,,,,,,
Erteilungs-Stopp,Erteilungs-Stopp,LOC,0.0,0.0,de,1,,,,,,,,,,
Ex-Ministerin,Ex-Ministerin,LOC,0.0,0.0,de,1,,,,,,,,,,
UN-Kreisen,UN-Kreisen,LOC,0.0,0.0,de,1,,,,,,,,,,
Auswärtigen Amt,Auswärtigen Amt,LOC,0.0,0.0,de,1,,,,,,,,,,
Angriff,Angriff,LOC,0.0,0.0,de,1,,,,,,,,,,
Waffendepots,Waffendepots,LOC,-0.7,0.0,de,1,,,,,,,,,,
Bundesrepublik,Bundesrepublik,LOC,0.0,0.0,de,1,,,,,,,,,,
Außenministeriums,Außenministeriums,LOC,0.0,0.0,de,1,,,,,,,,,,
Verteidigungsministeriums,Verteidigungsministeriums,LOC,0.0,0.0,de,1,,,,,,,,,,
Telegram,Telegram,LOC,0.0,0.0,de,1,,,,,,,,,,
Bundesgericht,Bundesgericht,LOC,0.0,0.0,de,1,,,,,,,,,,
Aufsichtsratsvorsitzenden,Aufsichtsratsvorsitzenden,LOC,0.0,0.0,de,1,,,,,,,,,,
Manhattan,Manhattan,LOC,0.0,0.0,de,1,,,,,,,,,,
Schwäbische Alb,Schwäbische Alb,LOC,0.0,0.0,de,1,,,,,,,,,,
Wadephul-Besuch,Wadephul-Besuch,LOC,0.0,0.0,de,1,,,,,,,,,,
Samstagmorgen,Samstagmorgen,LOC,0.0,0.0,de,1,,,,,,,,,,
ZEIT am Wochenende,ZEIT am Wochenende,LOC,0.0,0.0,de,1,,,,,,,,,,
Hitzewellen,Hitzewellen,LOC,0.0,1.0,de,1,,,,,,,,,,
Land d…,Land d…,LOC,0.0,0.0,de,1,,,,,,,,,,
Behördenangaben ver…,Behördenangaben ver…,LOC,0.0,1.0,de,1,,,,,,,,,,
Gegenschlägen,Gegenschlägen,LOC,0.0,0.0,de,1,,,,,,,,,,
Russen-Drohnenattacke,Russen-Drohnenattacke,LOC,0.0,1.0,de,1,,,,,,,,,,
Tag Supermarkt,Tag Supermarkt,LOC,0.0,1.0,de,1,,,,,,,,,,
Waffenfund,Waffenfund,LOC,0.0,0.0,de,1,,,,,,,,,,
Mascha,Mascha,LOC,0.0,0.0,de,1,,,,,,,,,,
Land de…,Land de…,LOC,-1.0,0.0,de,1,,,,,,,,,,
Ostafrika,Ostafrika,LOC,0.0,0.0,de,1,,,,,,,,,,
O…,O…,LOC,0.0,0.0,de,1,,,,,,,,,,
Raketenterror,Raketenterror,LOC,0.0,0.0,de,1,,,,,,,,,,
Klitschko,Klitschko,LOC,0.0,0.0,de,1,,,,,,,,,,
Massenangriff,Massenangriff,LOC,0.0,0.0,de,1,,,,,,,,,,
Raketen-Hölle,Raketen-Hölle,LOC,0.0,0.0,de,1,,,,,,,,,,
Harry,Harry,LOC,0.0,0.0,de,1,,,,,,,,,,
Meghan,Meghan,LOC,0.0,0.0,de,1,,,,,,,,,,
Elektro-Lkw Semi,Elektro-Lkw Semi,LOC,0.0,0.0,de,1,,,,,,,,,,
Impfstoff,Impfstoff,LOC,0.0,0.0,de,1,,,,,,,,,,
ukrainische Staat,ukrainische Staat,LOC,-1.0,0.0,de,1,,,,,,,,,,
Asowsche Meer,Asowsche Meer,LOC,0.0,0.0,de,1,,,,,,,,,,
Auswärtiges Amt,Auswärtiges Amt,LOC,0.0,0.0,de,1,,,,,,,,,,
UN-Kreise,UN-Kreise,LOC,-1.0,0.0,de,1,,,,,,,,,,
Patriot-Notstand,Patriot-Notstand,LOC,0.0,0.0,de,1,,,,,,,,,,
russische Kultur a…,russische Kultur a…,LOC,0.0,0.0,de,1,,,,,,,,,,
Patriots,Patriots,LOC,0.7,0.0,de,1,,,,,,,,,,
Kanal,Kanal,LOC,-1.0,0.0,de,1,,,,,,,,,,
Rohstoffmarkt,Rohstoffmarkt,LOC,0.0,0.0,de,1,,,,,,,,,,
härter,härter,LOC,0.0,0.0,de,1,,,,,,,,,,
Pleitewelle,Pleitewelle,LOC,0.0,0.0,de,1,,,,,,,,,,
Prato,Prato,LOC,0.7,0.0,de,1,,,,,,,,,,
Fifa-Präsident,Fifa-Präsident,LOC,1.0,0.0,de,1,,,,,,,,,,
Fifa-Krise,Fifa-Krise,LOC,0.0,0.0,de,1,,,,,,,,,,
Eiffelturm,Eiffelturm,LOC,1.0,0.0,de,1,,,,,,,,,,
Energiekrise,Energiekrise,LOC,0.0,0.0,de,1,,,,,,,,,,
Handelshemmnissen,Handelshemmnissen,LOC,0.0,0.0,de,1,,,,,,,,,,
Italy“-Labels,Italy“-Labels,LOC,0.0,0.0,de,1,,,,,,,,,,
Lupe,Lupe,LOC,0.0,0.0,de,1,,,,,,,,,,
Film-Team,Film-Team,LOC,0.7,0.0,de,1,,,,,,,,,,
Italy,Italy,LOC,0.7,0.0,de,1,,,,,,,,,,
Eifel,Eifel,LOC,0.0,0.0,de,1,,,,,,,,,,
US-Fernsehmoderatorin,US-Fernsehmoderatorin,LOC,-0.7,0.0,de,1,,,,,,,,,,
Riesen-Drohne,Riesen-Drohne,LOC,0.0,0.0,de,1,,,,,,,,,,
Grenzdurchbruch,Grenzdurchbruch,LOC,0.0,1.0,de,1,,,,,,,,,,
Menschenrechtler,Menschenrechtler,LOC,0.0,1.0,de,1,,,,,,,,,,
spanische Regierung,spanische Regierung,LOC,-1.0,0.0,de,1,,,,,,,,,,
Luftangriffen,Luftangriffen,LOC,0.0,0.0,de,1,,,,,,,,,,
mexikanischen Staat,mexikanischen Staat,LOC,0.0,0.0,de,1,,,,,,,,,,
Kremlvertretern,Kremlvertretern,LOC,0.0,0.0,de,1,,,,,,,,,,
EU-Kommissarin,EU-Kommissarin,LOC,0.0,0.0,de,1,,,,,,,,,,
Finnin,Finnin,LOC,0.0,0.0,de,1,,,,,,,,,,
Frankfurter Musikszene,Frankfurter Musikszene,LOC,0.0,1.0,de,1,,,,,,,,,,
Kirchenoberhaupt,Kirchenoberhaupt,LOC,0.0,0.0,de,1,,,,,,,,,,
Ru…,Ru…,LOC,0.0,0.0,de,1,,,,,,,,,,
Drohnen-Anschlag,Drohnen-Anschlag,LOC,0.0,0.0,de,1,,,,,,,,,,
Schattenflotte,Schattenflotte,LOC,0.0,0.0,de,1,,,,,,,,,,
Prahovo,Prahovo,LOC,0.0,0.0,de,1,,,,,,,,,,
Frachter,Frachter,LOC,0.0,0.0,de,1,,,,,,,,,,
Ulmer,Ulmer,LOC,0.0,0.0,de,1,,,,,,,,,,
Lahn,Lahn,LOC,0.0,0.0,de,1,,,,,,,,,,
Gießener,Gießener,LOC,0.0,0.0,de,1,,,,,,,,,,
Innenstadt,Innenstadt,LOC,0.5,0.0,de,1,,,,,,,,,,
Nik…,Nik…,LOC,0.0,0.0,de,1,,,,,,,,,,
Kleinen,Kleinen,LOC,-0.7,0.0,de,1,,,,,,,,,,
Langschwanzmakake,Langschwanzmakake,LOC,0.0,0.0,de,1,,,,,,,,,,
Drohnenangriff,Drohnenangriff,LOC,0.0,0.0,de,1,,,,,,,,,,
Grünen-Politikers,Grünen-Politikers,LOC,0.0,0.0,de,1,,,,,,,,,,
Mainstreams,Mainstreams,LOC,0.0,0.0,de,1,,,,,,,,,,
Underground,Underground,LOC,0.0,0.0,de,1,,,,,,,,,,
Kingdom-Come-Star Luke Dale,Kingdom-Come-Star Luke Dale,LOC,0.0,0.0,de,1,,,,,,,,,,
Kingdom Come,Kingdom Come,LOC,0.7,0.0,de,1,,,,,,,,,,
Deliverance,Deliverance,LOC,0.7,0.0,de,1,,,,,,,,,,
Trios,Trios,LOC,0.0,0.0,de,1,,,,,,,,,,
Iberische Halbinsel …,Iberische Halbinsel …,LOC,0.0,0.0,de,1,,,,,,,,,,
Landes Spatzen,Landes Spatzen,LOC,0.0,0.0,de,1,,,,,,,,,,
Rotes Meer,Rotes Meer,LOC,0.0,0.0,de,1,,,,,,,,,,
Migrantenansturm,Migrantenansturm,LOC,0.0,0.0,de,1,,,,,,,,,,
US-Stadt,US-Stadt,LOC,-1.0,0.0,de,1,,,,,,,,,,
Anklagebank,Anklagebank,LOC,0.0,1.0,de,1,,,,,,,,,,
US-Rohstoff-Deals,US-Rohstoff-Deals,LOC,0.0,0.0,de,1,,,,,,,,,,
Goma am Kivu-See,Goma am Kivu-See,LOC,0.0,0.0,de,1,,,,,,,,,,
Landwirten,Landwirten,LOC,-1.0,0.0,de,1,,,,,,,,,,
Frankfurter Festhalle,Frankfurter Festhalle,LOC,0.0,0.0,de,1,,,,,,,,,,
US-Amerikaner,US-Amerikaner,LOC,0.0,1.0,de,1,,,,,,,,,,
Turbojet-Triebwerke,Turbojet-Triebwerke,LOC,0.0,0.0,de,1,,,,,,,,,,
Ätna,Ätna,LOC,-1.0,0.0,de,1,,,,,,,,,,
Bomben-Drohne,Bomben-Drohne,LOC,0.0,0.0,de,1,,,,,,,,,,
Leitungen,Leitungen,LOC,0.0,0.0,de,1,,,,,,,,,,
Meer,Meer,LOC,0.7,0.0,de,1,,,,,,,,,,
Gouvern…,Gouvern…,LOC,0.0,0.0,de,1,,,,,,,,,,
Patriot-Bestände,Patriot-Bestände,LOC,1.0,0.0,de,1,,,,,,,,,,
Fischfabrik,Fischfabrik,LOC,0.0,1.0,de,1,,,,,,,,,,
Kurilen-Inseln,Kurilen-Inseln,LOC,0.0,1.0,de,1,,,,,,,,,,
Kurilen,Kurilen,LOC,0.0,0.0,de,1,,,,,,,,,,
Toter bei Wohnungsbrand,Toter bei Wohnungsbrand,LOC,0.0,0.0,de,1,,,,,,,,,,
Straße des 18,Straße des 18,LOC,0.0,0.0,de,1,,,,,,,,,,
Eu…,Eu…,LOC,0.0,0.0,de,1,,,,,,,,,,
Stadt Sewastopol,Stadt Sewastopol,LOC,0.0,0.0,de,1,,,,,,,,,,
Odesse,Odesse,LOC,0.0,0.0,de,1,,,,,,,,,,
PANAMA CITY,PANAMA CITY,LOC,0.7,0.0,de,1,,,,,,,,,,
Flughafens,Flughafens,LOC,0.7,0.0,de,1,,,,,,,,,,
Flughafen Soekarno-Hatta,Flughafen Soekarno-Hatta,LOC,0.0,0.0,de,1,,,,,,,,,,
reformfreudiger,reformfreudiger,LOC,0.0,0.0,de,1,,,,,,,,,,
Transbalkan-Gaspipeline,Transbalkan-Gaspipeline,LOC,0.0,0.0,de,1,,,,,,,,,,
Dreiländereck z,Dreiländereck z,LOC,0.0,0.0,de,1,,,,,,,,,,
regimetreuer,regimetreuer,LOC,-0.7,0.0,de,1,,,,,,,,,,
Ilski,Ilski,LOC,0.0,0.0,de,1,,,,,,,,,,
Sysran,Sysran,LOC,0.0,0.0,de,1,,,,,,,,,,
EVP-Chef,EVP-Chef,LOC,0.0,0.0,de,1,,,,,,,,,,
Nischnekamsk,Nischnekamsk,LOC,-1.0,0.0,de,1,,,,,,,,,,
Salisnyjin,Salisnyjin,LOC,0.7,0.0,de,1,,,,,,,,,,
Südossetien,Südossetien,LOC,0.0,0.0,de,1,,,,,,,,,,
Südossetiens,Südossetiens,LOC,-0.7,0.0,de,1,,,,,,,,,,
Bundesländer-Vergleich,Bundesländer-Vergleich,LOC,0.0,0.0,de,1,,,,,,,,,,
Ost-Bundesländer,Ost-Bundesländer,LOC,0.0,0.0,de,1,,,,,,,,,,
DNA-Spur,DNA-Spur,LOC,0.0,0.0,de,1,,,,,,,,,,
ostdeutschen Ländern,ostdeutschen Ländern,LOC,-0.7,0.0,de,1,,,,,,,,,,
Rheins,Rheins,LOC,0.0,0.0,de,1,,,,,,,,,,
Rodina,Rodina,LOC,-1.0,0.0,de,1,,,,,,,,,,
Rol…,Rol…,LOC,-1.0,0.0,de,1,,,,,,,,,,
Besucherangebote,Besucherangebote,LOC,0.0,0.0,de,1,,,,,,,,,,
Sta…,Sta…,LOC,-0.7,0.0,de,1,,,,,,,,,,
Çalayan,Çalayan,LOC,0.0,0.0,de,1,,,,,,,,,,
