topic,sentiment_mean,sentiment_std,subjectivity_mean,subjectivity_std,counting
Afghanistan,-0.17669018260182506,1.293055132266301,0.06394337651149001,0.858005394887183,18.0
Albania,-2.1765488760042873,1.0,-0.3917979458865542,1.0,1.0
Algeria,-0.6670225087653372,1.0,-0.36077631038796876,1.0,1.0
Andorra,-0.26806353380631137,1.0,-0.4472135954999579,1.0,1.0
Anguilla,-0.6880252371617601,1.9810468943104653,0.004730134003894798,0.5374976650379283,2.0
Argentina,0.1788157613553244,0.7017191806090305,-0.043119396937638325,0.7543490475528366,25.0
Austria,-0.011196971699906175,0.4337938227787443,0.13693049064611146,1.271015153143359,8.0
Bahrain,-0.01827160610887288,0.20978377720377284,-0.011450883379111113,0.7639659609227546,4.0
Belgium,0.4250336205430381,0.9007329406789366,-0.4507634264056106,0.11436066452502099,10.0
Bulgaria,-1.5578680339887498,1.0,-0.5111841413084189,1.0,1.0
Canada,0.5160898477891327,0.7123070092400667,0.20374749177676882,0.8655115523454883,8.0
Central African Republic,0.4808708421091548,1.1207478539239253,0.04074871272016544,0.8438890907297282,13.0
China,0.10815234569897259,0.9858909379402414,0.6591126138622152,1.8504307972194953,18.0
Croatia,-0.5479525367924645,0.8352603853711145,-0.4792018425939374,0.045229800597887414,2.0
Cuba,-0.36640384917997065,0.4154689691604753,-0.5344269941483224,0.20170793444015933,2.0
Cyprus,0.06987609348606724,1.0,-0.43633576652825506,1.0,1.0
Czechia,0.314032505043559,0.6605893112133214,-0.2808036869004719,0.38875487613820836,11.0
Democratic Republic of the Congo,0.4595563230032897,0.7681500898041111,0.5085143110200596,1.4666490435583044,20.0
Denmark,-0.006786776880593085,1.105855517095594,-0.32318262558461663,0.15030969129995309,7.0
Egypt,0.83951608817178,1.0,-0.369579897199064,1.0,1.0
Estonia,-0.4434325181938674,0.165666460439774,-0.4029578318636595,0.047203527886674077,2.0
Finland,0.45265917901682834,1.2501199921991988,-0.0033605644778644172,0.7351104861160118,7.0
France,-0.06042474116418812,0.9356925651525039,0.3184900668080249,1.6349530028591162,28.0
Georgia,0.8022099045371813,0.8757378870186635,-0.04692357305650556,0.914657296204218,10.0
Germany,0.04686298158631802,1.0156349579267248,0.06550535863243766,1.1158880043237056,463.0
Greece,0.21965296825964417,0.8057011201371493,-0.4058689897050679,0.20907387037762395,7.0
Greenland,0.5460229714601014,0.8021243215142101,-0.4432611255623894,0.09605765006531633,2.0
Guatemala,0.03371194570711303,1.4998488606360105,0.7044804028806254,1.3638747569583833,4.0
Hong Kong,1.3210204350809687,1.070684551479428,-0.44278309655766523,0.013270996581010837,2.0
Hungary,-0.21918828406068566,0.7251384405713202,-0.40552464774291536,0.04086704576887354,6.0
Iceland,0.043884701840613945,1.0,1.875947754248386,1.0,1.0
India,0.006944720831377166,0.3232237842908955,0.2616065740266767,1.5171466432635674,5.0
Indonesia,-0.28044063601365626,1.026193072521265,-0.27118436205809404,0.5518376615282103,19.0
Iran,-0.41434847099175165,1.198995054004632,-0.16316776305872518,0.8282046231504213,67.0
Iraq,0.4175090934959632,0.8133738354810406,-0.19832872781079122,0.7358558159698355,13.0
Ireland,-0.07353075401090108,1.4738147011436595,-0.40833602547440995,0.045454243630016475,4.0
Israel,0.20469358709551808,0.727783013775525,0.07659942491441774,0.7838968103915174,13.0
Italy,0.07244628435553568,0.6883116983141208,0.23069370360318864,1.241175575321289,9.0
Japan,-0.23434344731123535,0.7299590271529671,-0.03946454170100048,0.8643441637873387,7.0
Jordan,0.08663741460932556,1.0,-0.3781287037507593,1.0,1.0
Kenya,-0.06753132721725648,0.7040825591633734,-0.17038682016480802,0.5599148695136882,9.0
Kosovo,0.02614366577702457,1.0,1.49640860901184,1.0,1.0
Kuwait,0.8114905072234145,1.0855585405286792,-0.43598022584819385,0.10635439718741001,2.0
Latvia,-0.4347584844534087,0.6769036855944788,0.7140390358059314,1.5200184396341472,2.0
Libya,0.7003285827581389,1.0,-0.43633576652825506,1.0,1.0
Lithuania,-0.13103005297277198,0.3499170627396015,-0.38112558505815725,0.030115172597883096,5.0
Malaysia,-0.5576187380552247,1.0,-0.31622776601683794,1.0,1.0
Malta,-0.32906721271142825,0.5250787195003699,1.5473781668414273,1.5601530525168203,6.0
Mauritania,0.42592447196334304,0.47982435804770973,-0.37673340678355954,0.0019732478945519412,2.0
Mexico,0.27266982454879585,0.9663783639852676,-0.4580955294238875,0.12739797846691195,6.0
Monaco,-2.7605807635223045,1.0,-0.3256517713718495,1.0,1.0
Mongolia,0.23187558410699013,0.4668031970185336,-0.22779811749582693,0.20012670776940125,4.0
Montenegro,0.2598142454624528,1.0,-0.25277366027055115,1.0,1.0
Montserrat,0.011939509503482992,0.9814585849945516,-0.19226445687239396,0.6497335885724225,8.0
Morocco,0.18441527897652865,0.5217136111122359,0.5858998102022681,1.3525009523119085,20.0
Mozambique,-1.0517537733173137,1.0,-0.25277366027055115,1.0,1.0
Niger,0.5716648094373081,1.0,0.24866352479113496,1.0,1.0
Nigeria,0.05917090158311741,1.0,-0.38619969796269493,1.0,1.0
North Korea,0.690114780374372,0.9220648912558848,0.039824822318885095,0.9038837047552838,8.0
North Macedonia,0.11680650435977918,1.1297385382910716,0.25171289964735366,1.5792568413438752,6.0
Norway,-0.009045010541062529,0.41209666441457815,-0.07956531684843433,0.7859929768219737,12.0
Pakistan,-0.1624368639042252,0.983546509955842,-0.10232746784099515,0.59317511121708,22.0
Palau,-0.524950329432791,1.0,0.24024569246809682,1.0,1.0
Palestinian Territory,-0.5491923892707165,1.267847279719615,0.015832199477445606,1.1476056273572641,17.0
Paraguay,1.2020871431810358,1.0,-0.3753381098163598,1.0,1.0
Philippines,-0.45268701766384023,0.7022584604141275,-0.3762871281372615,0.02193560882454711,2.0
Poland,0.17773028874428204,0.9723214764671019,-0.17116850660812177,0.6006286162213917,11.0
Portugal,0.02614366577702457,1.0,1.49640860901184,1.0,1.0
Puerto Rico,0.4491928723222644,1.0,-0.31622776601683794,1.0,1.0
Romania,-0.5970264318198474,1.0,-0.3080562426711211,1.0,1.0
Russia,-0.18973149965529232,1.0151722636829468,-0.0452134501218065,0.9384537569558855,448.0
Saudi Arabia,0.4900391464596492,0.5531689507246954,0.21111531840376596,1.570237288004711,6.0
South Africa,-2.117750129382227,3.03192368140174,-0.38197890078948504,0.18272380347155406,2.0
South Korea,-0.3381310915014962,0.7472538174080022,0.3513439482367193,1.032653477885647,7.0
Spain,0.21294199246158635,0.9460874768152351,0.17272159182265925,1.246685301552565,175.0
Sudan,0.0495774102933148,1.0,-0.4523752212273997,1.0,1.0
Sweden,0.732245130968675,0.7417460627774508,-0.2407903222923899,0.40857055358403416,5.0
Switzerland,0.4940507567502321,0.8877356389955091,-0.09270056684862578,0.6142114793738072,5.0
Syria,0.056297819884299216,1.2278017867444289,0.09709197509027681,0.8393783998691401,14.0
Taiwan,0.29512191892639505,0.9818240959912331,0.7923709286444223,1.7530456580317417,2.0
Thailand,-1.6863844123432759,1.0,1.9611617530896102,1.0,1.0
Togo,0.6451047895163649,1.0,2.0829272952672087,1.0,1.0
Tunisia,0.043884701840613945,1.0,-0.36077631038796876,1.0,1.0
Turkey,0.13445273377411626,0.7003172438658278,-0.23578393628091973,0.587306400151054,44.0
Ukraine,-0.042591699300218014,0.9503813853333356,-0.05282250735237753,0.9032654269188164,413.0
United Arab Emirates,-1.2164984358361597,1.0060979933226097,-0.4049446057899282,0.041223589518281784,4.0
United Kingdom,-0.019391041619379656,1.0808617847601978,-0.017170653843897786,0.8295096958835955,10.0
United States,0.138890956733328,0.9637945914897463,-0.0851893093303947,0.7876083999588573,219.0
Venezuela,2.033898311977474,1.0,-0.3753381098163598,1.0,1.0
Vietnam,0.043884701840613945,1.0,-0.36077631038796876,1.0,1.0
Yemen,1.4482973908623964,1.283080956508404,-0.4514910435974866,0.08441878836286293,2.0
