keyword,sentiment_mean,sentiment_std,subjectivity_mean,subjectivity_std,counting
'Afghanistan',-0.24807058940028892,1.3354680670494414,-0.31961569947076796,0.2521170615028846,8.0
'Afrika',0.17448585573579445,1.0299600534330784,0.15110033759831182,1.0467484519457233,10.0
'Albanien',-2.108345230886288,1.0,-0.4094195804181442,1.0,1.0
'Andorra',-0.26806353380631137,1.0,-0.4472135954999579,1.0,1.0
'Ankara',0.8005332950534978,0.3849872371189616,-0.38882448847624135,0.04108635424595536,3.0
'Argentinien',0.2055037043615726,0.6930425928760536,-0.04738443927592229,0.7326588277200397,25.0
'Asien',0.5587928851989926,1.0,-0.37423398539338715,1.0,1.0
'Bahrain',-0.021326268187450127,0.12202076136871656,0.004398266692526187,0.7679203519475893,4.0
'Belgien',1.2067416489689136,0.9217212680033143,-0.3586523781056409,0.05452760961138417,4.0
'Berlin',-0.023102003037041987,0.9230517678763649,-0.10834058313789831,0.9259134282204753,91.0
'Brandenburg',-0.025256735966049725,1.2168480682552445,-0.1490564566161611,0.7367911752661445,40.0
'Briten',0.3227889261801831,0.7243350847437872,-0.48395335558328206,0.06454814273296709,3.0
'Brüssel',0.4803017315412447,1.065973508480134,-0.4860372743039193,0.10966419256120961,8.0
'Budapest',-0.7071067811865475,1.0,,1.0,1.0
'Ceuta',0.2290661395856568,0.9359563614996966,0.05692646487363288,1.1500621526541914,132.0
'Cherson',-0.09190664461152219,1.0428282759958134,-0.2408555972493815,0.5054928128053039,31.0
'China',-0.003162156617347708,0.956088002594105,0.7011980886033703,1.9032235876009955,17.0
'Das Tal',-0.6544475115639106,1.9295069188332152,0.004041212084184953,0.5361678741699243,2.0
'Demokratische Republik Kongo',0.4793201453994298,0.7392124657617705,0.4659512312730321,1.3959166709440336,20.0
'Deutschland',0.1419061087560934,1.015350972439146,0.10023042899529519,1.0518695730557448,86.0
'Dubai',-0.9240908558856774,1.0005617487829357,-0.3876322961355452,0.04103851535496254,3.0
'Dänemark',-0.026201462878313122,1.0324397301552715,-0.319081100368712,0.14857657287853468,7.0
'England',0.25280761989319894,0.8562992352948182,-0.09288559311452736,0.8500565167209243,79.0
'Estland',-0.5059820693623939,0.2589432197083878,-0.37856683479324293,0.02068730909422408,2.0
'Europa',-0.014830385350981431,1.0168388674866737,0.3522907606581571,1.3290188925770614,119.0
'Finnland',0.30411740943546917,1.213693799100983,-0.00821848496631717,0.795812428684777,8.0
'Frankreich',-0.2618905409660531,0.8586811105533306,0.023571972360055825,1.3940708620575393,20.0
'Gaza',-0.7844749297998703,1.3922182970209573,0.17090467742924784,1.3513156987352126,12.0
'Georgien',0.9005362760646496,0.8448942088876074,-0.027448408443460377,0.8888669968868783,9.0
'Griechenland',0.32971226942403653,0.844597497747721,-0.3944153446442356,0.22666460762602025,6.0
'Großbritannien',-0.25926468614563664,1.243911549712598,-0.41285185629375903,0.06747155890139092,6.0
'Grönland',-0.05405779675534482,1.0,-0.375086727595744,1.0,1.0
'Hamas',-0.06016706662273591,1.2827634356030921,0.18537965885920157,0.8602162522949227,12.0
'Hamburg',0.18808967480897038,1.4599878189513682,0.03730476800272287,1.3795338607740217,26.0
'Havanna',-0.6258995282138743,1.0,-0.6054047041274601,1.0,1.0
'Hongkong',0.5520593042920754,1.0,-0.4813367545293858,1.0,1.0
'Indien',0.03496433130161455,0.3556329320840515,0.4616547586534838,1.749475524275711,4.0
'Indonesien',-0.355254655406731,0.9501238774603231,-0.37087103456468057,0.12971999948584256,11.0
'Irak',0.41285012606751226,0.8201423720143817,-0.2008018574595233,0.7266452695196834,13.0
'Iran',-0.34754359796528916,1.1844072128036152,-0.16871726383913344,0.827015575183227,67.0
'Irland',-0.047963902056205154,1.441140879469279,-0.4008991438296215,0.04174777847013849,4.0
'Islamabad',-0.4529691423992574,1.0769128519737396,-0.05729873876815778,0.6693051903078481,14.0
'Island',0.09182574649355646,1.0,1.8622419471378913,1.0,1.0
'Israel',-0.037439198418406636,0.8951865163724914,-0.07853973564916983,0.6439510521633314,17.0
'Istanbul',0.07752686666640009,0.7516802048992823,-0.17544326712178449,0.675085046964906,32.0
'Italien',-0.007035625373020086,0.8007393980234333,0.49520735775144015,1.5093804053355215,6.0
'Jakarta',-0.1583830343354817,1.1430113097866552,-0.08645004067916424,0.922681302348742,8.0
'Japan',-0.13338368079392268,0.6914907965610572,-0.09778269464597984,0.7314944774784357,7.0
'Jemen',2.3183053141586467,1.0,-0.521220243165851,1.0,1.0
'Jordanien',0.08277319124974283,1.0,-0.37423398539338715,1.0,1.0
'Kabul',0.27391764823885734,1.265923640634825,0.3624081511615232,1.0497188032716323,13.0
'Kanada',0.6380717491274855,0.8202225712438764,0.1916817727920832,0.8148465451000783,8.0
'Kasachstan',-0.2270406004307797,1.0,1.3253558832306536,1.0,1.0
'Kenia',-0.054084420846079735,0.7055532230698629,-0.13433798245282547,0.6400538014494738,9.0
'Kiew',-0.1024714522567793,0.9761946352365221,-0.16789079554192646,0.6828302989856876,48.0
'Kosovo',0.023687793349433047,1.0,1.3940161519098022,1.0,1.0
'Krim',-0.11276797254973833,1.1529770973214706,-0.022933471318818097,0.9379824541738909,28.0
'Kroatien',0.06453566117974163,1.0,-0.4364976720011622,1.0,1.0
'Krywyj Rih',-0.47664167252832407,1.1431269964703619,0.10484942339876348,1.2138880293541536,14.0
'Kuba',-0.03436399336995463,1.0,-0.4094195804181442,1.0,1.0
'Kuwait',0.8226292768578991,1.0335122640713914,-0.43879374454431275,0.11656867224950661,2.0
'Kyjiw',0.058891786518789256,0.8679774864443327,0.12514565249236037,1.1072082216937031,40.0
'Leipzig',-0.00614022421123588,0.8137997451102859,-0.1469198616309436,0.9344471354949239,46.0
'Lettland',-0.41078796212693747,0.7108031233657415,0.7162435680385286,1.5169007602521194,2.0
'Libyen',0.6873373472222679,1.0,-0.3931949713382709,1.0,1.0
'Litauen',-0.19104016102469676,0.4222204663623001,-0.38539004825611706,0.03424286575797243,4.0
'London',-0.028442054081844498,0.16751397710354107,0.8847500137262511,1.135051039568475,3.0
'Madrid',0.7401561268249356,1.7532761192593922,0.35428653556193923,1.4860349404148077,4.0
'Malaysia',-0.48474779413971114,1.0,-0.3333333333333333,1.0,1.0
'Malta',-0.32564286112850205,0.5228329556947258,1.5436259844950369,1.5566028063707487,6.0
'Marokko',0.22393061632421413,0.5049607974592967,0.662636536055375,1.43559413262297,19.0
'Melilla',-0.004895253081176312,0.45215477704492224,0.5653868765032165,1.282932084925099,11.0
'Mexiko',-0.6048377200700595,0.5591741689332757,-0.4939967011121836,0.047152557998939956,3.0
'Mexiko-Stadt',0.6154510899403278,0.732908822175639,-0.3175989246533904,0.18001687645538814,5.0
'Monaco',-1.4851611765454389,1.8018316890190353,-0.4128365044296893,0.08599746049400236,4.0
'Mongolei',0.23999320203614175,0.5126400827457459,-0.24362805750976943,0.21120840871256286,4.0
'Montenegro',0.23832230747589345,1.0,-0.2442443956165661,1.0,1.0
'Mosambik',-1.109462993563965,1.0,-0.2442443956165661,1.0,1.0
'Moskau',-0.0453232543773233,0.9517382321202562,-0.08822238455754311,0.8608416560473907,60.0
'München',-0.6485436293557909,0.9685996437502624,-0.4399709990530808,0.0005959242075503064,2.0
'Neu-Delhi',-0.03436399336995463,1.0,-0.4094195804181442,1.0,1.0
'Neuseeland',-0.8941592149742524,1.0,1.0109688728946715,1.0,1.0
'New York',0.4406722965025472,0.6214769900014324,-0.14622344424538009,0.753968423030631,9.0
'Niger',0.5596546085225703,1.0,0.39952813967078893,1.0,1.0
'Nordkorea',0.4420601512595397,1.1625555365710607,0.06517285959169299,0.8676390226622444,3.0
'Nordmazedonien',0.1308938039013332,1.1025261963576911,0.2501809366234165,1.5800696344746445,6.0
'Norwegen',0.07900857438191301,0.29539308508727447,-0.014511027872028692,0.910264090646342,11.0
'Nouakchott',0.4236314714497501,0.48204640270601895,-0.3746603564945656,0.0006029797938904946,2.0
'Odessa',-0.10374361254134222,0.7137495707152903,0.04244726563976575,0.8695124156860861,43.0
'Oslo',-0.9132412462258696,1.0,-0.3563672459227745,1.0,1.0
'Ostsee',-0.14005776685022533,0.6625821179336276,0.2273470774888934,1.5088244636412875,6.0
'Ottawa',0.873002798043441,1.0,-0.4094195804181442,1.0,1.0
'Pakistan',0.525473266882207,0.5037954377324074,-0.09005078406901157,0.4180254616044026,3.0
'Palau',-0.3806872260557196,0.13919540760934154,2.319713742762398,2.753695839959975,2.0
'Paraguay',1.2192383896525922,1.0,-0.375086727595744,1.0,1.0
'Paris',0.2804228145538895,1.0552653411499597,1.5823541772887535,2.4887871577382814,5.0
'Peking',0.7512607096538408,0.5886225138382348,-0.2037084223394597,0.4784536860046596,3.0
'Philippinen',-0.4033485479207685,0.7002822028992663,-0.38289341317045933,0.03751366547945287,2.0
'Pjöngjang',1.0867480459585266,0.7577070246566915,0.18329709360835347,1.1529841298932488,4.0
'Plymouth',0.023607765350464716,0.9361256556444759,-0.16199233883389844,0.6491103560431573,8.0
'Polen',0.10424179092148456,1.0608312487808782,-0.3106628997650281,0.25859191743082643,9.0
'Portugal',0.023687793349433047,0.0,0.4363979543719756,1.354276642533272,2.0
'Prag',0.3304775751557587,0.671491312219327,-0.28440301703850224,0.3868123850168315,11.0
'Rom',0.2866361008589654,0.4417588297363733,-0.26428830597464553,0.23236060940289965,3.0
'Rumänien',-0.4091191397288307,1.0,-0.3557974449335642,1.0,1.0
'Russland',-0.19497312999796593,1.0348210615149496,-0.06487184634156516,0.903915032780136,362.0
'Sachsen-Anhalt',0.23642199528518115,1.3481841837962263,1.0102308932205446,2.786872571337908,4.0
'Saudi-Arabien',0.5912797755209332,0.6367749904810382,-0.40499628367453555,0.03552636809631229,4.0
'Schweden',0.8603182550921149,0.9944025791419184,-0.13706816744184283,0.5581804370654998,3.0
'Schweiz',0.13602128750980624,1.1969913716567007,-0.1417420138285612,0.5405677444239153,6.0
'Sofia',-1.5366521208008321,1.0,-0.521220243165851,1.0,1.0
'Spanien',0.19181749247761287,1.0524652109566577,0.5855301707910924,1.626710159990127,27.0
'St. Petersburg',-0.04038394399671431,0.6505206864681433,-0.3057898753171442,0.4861193638153212,22.0
'Sudan',0.03635974699489382,1.0,-0.43954961700484874,1.0,1.0
'Syrien',-0.03991843970888594,1.4368337100495432,-0.42611797091744563,0.08364994930594608,3.0
'Südafrika',-2.1921511921691983,3.1336695453554886,-0.38273231939120855,0.19585150002699078,2.0
'Südkorea',-0.33825083183584254,0.7395685145222504,0.3430955132662702,0.9880162833170528,7.0
'Taipeh',-0.3840378632548084,1.0,2.069391352478186,1.0,1.0
'Taiwan',1.0257646421109203,1.0,-0.4364976720011622,1.0,1.0
'Tallinn',-0.5639534920347692,1.0,-0.3931949713382709,1.0,1.0
'Teheran',-1.0467795491801017,0.9270519125521953,0.37421726516240916,1.2978325857713435,3.0
'Tel Aviv',1.1342269326712098,0.0,-0.3931949713382709,0.0,2.0
'Thailand',-1.6811774556571242,1.0,2.3813359171934385,1.0,1.0
'Tokio',-0.12927194514583207,0.6185834595560542,1.4656745723115563,1.736375623338765,3.0
'Tunesien',0.09182574649355646,1.0,-0.3563672459227745,1.0,1.0
'Türkei',-0.07369125253845467,0.7214087303122854,-0.4311536945830169,0.11336488915766219,13.0
'USA',-0.012481018704997059,1.0086972000955754,0.0050816432817346255,0.8412379242075945,97.0
'Ukraine',0.050705184877633695,0.9556431574173828,-0.0598529132844623,0.9304769444002533,232.0
'Ungarn',-0.10727328153281017,0.7464503765937506,-0.38682878528645925,0.03263131783807996,5.0
'Venezuela',2.085079796409989,1.0,-0.375086727595744,1.0,1.0
'Vereinigte Arabische Emirate',-2.09822954591541,1.0,-0.4364976720011622,1.0,1.0
'Vereinigte Staaten',0.17454882039039912,1.090577844818564,0.2515391616172477,1.082674274854354,11.0
'Vietnam',0.09182574649355646,1.0,-0.3563672459227745,1.0,1.0
'Warschau',0.49250662133108003,0.013994101150040711,0.4794983299997983,1.2933235067770303,2.0
'Washington',0.5120708695613894,0.9491059306095674,-0.4286887803399224,0.020110958114484326,9.0
'Westjordanland',-0.114470715718461,1.0,-0.3208722972493134,1.0,1.0
'Wien',-0.19780225672887242,0.47457403373974366,-0.28337731217475187,0.30193864193278924,4.0
'Zagreb',-1.1236209670551738,1.0,-0.521220243165851,1.0,1.0
'Zypern',0.06169192759374932,1.0,-0.3931949713382709,1.0,1.0
'Ägypten',0.7630177316079235,1.0,-0.36393869824821495,1.0,1.0
'Österreich',0.20809805649189472,0.2637809910108427,0.5166824365448023,1.7611843805514642,4.0
