day,sentiment_mean,sentiment_std,subjectivity_mean,subjectivity_std,counting
2026-07-07,-0.03154896590249227,0.6467807651834703,-0.17209908578412134,0.7658376667258103,23.0
2026-07-08,-0.03736182949305049,1.2909751133633514,0.07009798391863684,1.0167749338618133,20.0
2026-07-09,0.09956227588853073,1.0611898381869933,0.05121683766628817,0.9028799177342414,23.0
2026-07-10,0.12309532900005205,0.7490202112800722,-0.22129571147105634,0.5572957745015324,18.0
2026-07-11,1.18554467527092,1.0137778329591387,-0.23939622193996074,0.672030108644466,17.0
2026-07-12,-0.3475067339603457,0.5877870470546417,-0.1530085963353726,0.6278462556093696,18.0
2026-07-13,0.008517644122912579,1.0305189975761078,-0.11531421435794757,0.8534904147337411,33.0
2026-07-14,-0.10006319711940519,0.9334868486081291,0.12408572164359168,1.3367415330358703,39.0
2026-07-15,0.09494174381802138,1.0727383860936437,-0.20466458755698316,0.5532979277291286,48.0
2026-07-16,0.08542446890114813,1.1144188534126283,-0.20623970731842356,0.5257431980190125,41.0
2026-07-17,0.0637236775930579,1.0085799023766087,-0.08442689414202628,0.6726128451335334,38.0
2026-07-18,0.03994988454953068,1.1176163423096972,0.0670299465560733,1.0079166173564684,33.0
2026-07-19,0.2791032940021988,1.0282827472384561,0.24610585208992614,1.273183995844114,30.0
2026-07-20,-0.0158199582953162,0.9062161135560367,-0.0816757528860121,0.7011193121233983,28.0
2026-07-21,0.12387698623220057,1.2989859352071735,0.030126850236203116,0.8403900887156424,34.0
2026-07-22,0.2919089440347699,0.9702452772293889,-0.08608539320259169,0.7002091189314597,17.0
2026-07-23,-0.21666321789719678,1.2507727775205801,0.4100335573669929,1.3933306698888064,33.0
2026-07-24,-0.18666408143492438,0.617105961433358,-0.3827799483956792,0.20753906817815826,9.0
2026-07-25,0.1773361833225737,1.0927015028134677,-0.3669678059271848,0.32776321256728935,19.0
2026-07-26,-0.3781023737337342,1.069818532456293,-0.09782805506633555,0.8761373929004568,26.0
2026-07-27,0.07461484030093207,0.8399404146693181,0.2804236231611584,0.9045228806311202,18.0
2026-07-28,-0.15997886893728394,0.6664821613993982,0.11213572970070518,1.234364033579204,17.0
2026-07-29,-0.5271357848251104,0.865695890680531,0.6096148182990146,1.6037598724194406,13.0
2026-07-30,0.16540519220814054,0.949030107862793,0.2663082161295627,1.081258496058592,40.0
2026-07-31,-0.1168792859955023,0.8066804020125142,0.14305744556355965,1.0394237472457655,51.0
2026-08-01,0.22386463574062002,1.34006080528418,0.015372287045680763,1.0949089245521064,27.0
2026-08-02,0.12260089520140995,0.8852473909869462,-0.015296108161361423,0.9488009477756466,54.0
2026-08-03,0.05433631726153508,0.868590992661904,0.21447790112327594,1.3199038789786124,52.0
2026-08-04,0.149120046765443,1.0613845633654932,0.03443431112940524,0.8757847640619352,35.0
2026-08-05,0.11197607348571728,1.1465643745068537,-0.05059313885162803,0.8678709804307523,20.0
2026-08-06,0.09584181785499911,0.7104462783606277,0.019688013061912285,0.9374587179988276,24.0
2026-08-07,0.03469841116868776,0.9546406677749228,0.16937423992639677,1.1200156234284573,47.0
2026-08-08,-0.06629014082385402,0.8423005841625634,0.2425799578535859,1.0883277322999871,22.0
2026-08-09,-0.15568201958712538,1.098180027416214,-0.37773064748056334,0.12637332247990865,13.0
2026-08-10,-0.10578864865526723,0.9830500602500988,0.28663699740642573,1.5541997072445295,29.0
2026-08-11,-0.3624681004492753,1.2563045397532413,-0.14941088118706208,0.6478570061819371,15.0
2026-08-12,0.11384906745565122,0.8931073847082702,-0.16932762471407195,0.6703937103421286,21.0
2026-08-13,0.06017787766448274,1.146252068874994,0.2036986234475003,1.0389349949417404,21.0
2026-08-14,0.4618585553099482,1.1522105233762494,-0.3867603941852619,0.04538610173866308,12.0
2026-08-15,0.36321189299213225,1.013578368455605,-0.009095077441616172,0.8420792796530693,5.0
2026-08-16,-0.11069116223921438,0.9241989183102267,-0.0937345113820596,0.7533236446149989,20.0
2026-08-17,-0.11448163486361262,1.0921596340298636,0.13137863897344385,1.227906105939666,15.0
2026-08-18,-0.4203386560290565,1.1661763579693845,-0.1778634647567273,0.6147723579882709,21.0
2026-08-19,-0.6994821052522676,1.0112148944219868,-0.23066815740926322,0.5602781279012413,21.0
2026-08-20,-0.42055722025366715,0.6437381257156033,-0.18253675569789385,0.5738789151820259,24.0
2026-08-21,-0.2847886834888156,1.1475311152163423,0.7219846290939861,1.7051560790718594,37.0
2026-08-22,-0.003230837346754854,1.0305756477747805,0.3248614775965927,1.428406956942498,54.0
2026-08-23,-0.5355592464000417,0.8407935255314968,-0.12215046989283605,0.7467872262697831,22.0
2026-08-24,0.24724302995280523,0.7994581519698408,0.24608823441422112,1.2448801589934422,37.0
2026-08-25,-0.08673624352698073,0.7446377998739826,-0.15081870449393525,0.6704250406182473,20.0
2026-08-26,-0.054176209311363174,0.9184255611116529,0.12411704731059131,1.3231011285115204,40.0
2026-08-27,-0.40032890478314453,0.9766901997470829,-0.03388300021127939,0.987872211071275,42.0
2026-08-28,-0.08579850486459344,0.9401104243956486,0.13805873250666562,1.062238758202721,58.0
2026-08-29,0.13698130443557383,0.813412466566457,0.7706661477284334,1.6119770433433267,18.0
2026-08-30,0.12917332612171883,0.9968091023647488,-0.007653949035712371,0.9099558615793258,12.0
2026-08-31,-0.05295369497519255,0.7233133302865721,0.13424366837332832,1.506261645215977,16.0
2026-09-01,-0.3503225829692717,1.0395617668899886,-0.1036540897936226,0.8459845642816686,43.0
2026-09-02,-0.2134745576409987,0.9522234472389246,-0.24673105671612136,0.6144497726028539,81.0
2026-09-03,0.045305555640635584,1.0150442223106186,-0.10867376665928068,0.6851942963541999,70.0
2026-09-04,0.13895801552515866,0.975287563770642,-0.20693669481621582,0.7203263750257688,44.0
2026-09-05,0.0966594489215175,1.1379748323732377,-0.24245877605751148,0.5423572601687796,55.0
2026-09-06,-0.08649789208058817,0.7753799958928811,-0.21654192470905773,0.7093615561671093,16.0
2026-09-07,0.20534292999742748,1.1202216523774486,-0.1395902786032446,0.7152946961437976,42.0
2026-09-08,-0.28409457255542825,1.022722239423532,-0.043693603824063836,0.6459063345190466,20.0
2026-09-09,-0.10130810176660876,0.7837489779614613,0.11320980567338375,1.0949591179507236,33.0
2026-09-10,0.11368766346671841,0.7124513522763365,-0.391278169348558,0.05967683379223051,11.0
2026-09-11,0.08999408672007561,0.7870349518750868,0.10414161883297679,1.3179501905050997,53.0
2026-09-12,0.44081563035396704,0.935586709021148,-0.009027244463323056,1.0998964531765723,31.0
2026-09-13,0.02898022698543134,1.0898255696864299,0.05069508469630684,1.2028979932876038,41.0
2026-09-14,0.10741077616820822,0.8759266603524085,-0.20001092868983036,0.7700208202028546,20.0
2026-09-15,-0.05085145756013934,1.04766784422299,-0.1672870052391937,0.9909759373750552,18.0
2026-09-16,0.28819674959047553,1.1976293044732853,-0.04652354673436462,0.856802835830606,13.0
2026-09-17,-0.06450559708657533,1.4250493435841916,-0.4680695366744242,0.0628082903042178,7.0
2026-09-18,0.15798177260394883,0.5080416094117491,-0.05226522975881527,0.8673994659232314,5.0
2026-09-19,0.04570236200099716,0.02854276099976161,0.1870544102861894,1.209369358073035,4.0
2026-09-20,0.03186652023482004,0.844756127177988,-0.26908775535464924,0.6834008763540099,34.0
2026-09-21,0.1734623379129766,1.0888107807716194,0.03792706045443296,1.285995215193772,21.0
2026-09-22,0.2879228843597338,0.9290087184170107,-0.11226383361097877,0.7528272459071307,38.0
2026-09-23,-0.14341762093932,1.0555453657484994,-0.11130493297944014,0.8042295846796558,14.0
2026-09-24,0.24151749727443486,0.5741513300928514,0.2979619331573501,2.1309304538953358,10.0
2026-09-25,-0.4164912184049837,1.0662062717960747,-0.12202017923434391,0.80897038725932,8.0
2026-09-26,0.31615979007750566,0.4622687798285311,-0.2730874927150077,0.46019328791833236,14.0
2026-09-27,0.22001549511196883,0.9010356817760704,-0.4270573865175328,0.0779094788955717,4.0
2026-09-28,-0.4518661944655967,1.339335339925843,0.06362520781974099,1.0143361335564567,5.0
2026-09-29,0.09405431027213036,0.07267440488402512,-0.031210583027653227,0.5883255145053572,2.0
2026-09-30,0.41296308216371214,0.9178815880548707,-0.1419947581003717,0.599844360992574,20.0
2026-10-01,-0.1585458237336353,0.7523933124677191,-0.2462377788539475,0.6062157774502132,18.0
2026-10-02,0.1642988432926163,0.5526207694893306,0.321143111621653,1.4195161897601232,7.0
