domain,sentiment_mean,sentiment_std,subjectivity_mean,subjectivity_std,counting
www.zeit.de,-0.018272562358276647,0.19899171045191402,0.03212528344671202,0.09014656597726052,560.0
www.faz.net,-0.005161599511599514,0.217901238644631,0.05442881562881562,0.10442575157522518,325.0
www.tagesspiegel.de,-0.013427739375320023,0.2080669683994052,0.04645033282130056,0.10641599211364611,186.0
www.focus.de,-0.011503946687370602,0.18647410019550423,0.03542895962732919,0.09010532232074042,184.0
www.tagesschau.de,-0.018216635338345867,0.22007892970300894,0.03615967000835422,0.09662315935936153,152.0
www.n-tv.de,-0.003312169312169315,0.20563648351548874,0.04118624338624339,0.09467677690806744,150.0
www.welt.de,0.014151668541432317,0.26178774184009096,0.04168447694038245,0.11113290306904325,127.0
www.diepresse.com,0.00662763823478109,0.19286577562245177,0.029860893075178786,0.07293469707697313,91.0
www.nzz.ch,-0.01823143249069175,0.2532463198246927,0.0356114050558495,0.09785000943087856,81.0
www.bild.de,-0.010253401360544223,0.281998699330448,0.020873015873015873,0.04748728031034917,70.0
www.sueddeutsche.de,0.02758878127522195,0.20362163602862704,0.04945520581113801,0.10274554217138794,59.0
www.dw.com,-0.007822319403952057,0.17205930038262218,0.02468415937803693,0.07029976757994959,49.0
www.golem.de,0.0636759581881533,0.08524970073927045,0.0235191637630662,0.05340501964237113,41.0
orf.at,-0.032297297297297294,0.24200689695028288,0.02417417417417417,0.07533892573901813,37.0
www.derstandard.at,0.11067204301075269,0.23495334636929815,0.009677419354838712,0.03962186862224294,31.0
taz.de,-0.011916666666666667,0.19700136505935442,0.21694444444444444,0.12608690925130417,30.0
www.telepolis.de,-0.0009773662551440356,0.2827765537642725,0.027983539094650206,0.07865019688344135,27.0
www.morgenpost.de,-0.028506944444444456,0.28072520594707157,0.03159722222222222,0.07724026003145151,24.0
www.freitag.de,-0.006026077097505668,0.2100559546316973,0.04126984126984127,0.06816901320468174,21.0
www.prnewswire.com,0.16388888888888886,0.33809104625167985,0.07407407407407407,0.2222222222222222,9.0
sport.orf.at,0.0675,0.25180597689491013,0.025,0.05590169943749475,5.0
www.perlentaucher.de,0.04027777777777777,0.1787462768325021,0.20833333333333334,0.2602082499332666,3.0
www.teltarif.de,0.04666666666666666,0.0808290376865476,0.06666666666666667,0.11547005383792516,3.0
www.kino.de,0.13999999999999999,0.24248711305964277,0.0,0.0,3.0
de.catholicnewsagency.com,0.011666666666666667,0.15782374134880128,0.0,0.0,3.0
t3n.de,0.0,0.0,0.0,0.0,3.0
www.dwdl.de,0.04666666666666666,0.0808290376865476,0.0,0.0,3.0
stadt-bremerhaven.de,0.0,0.0,0.0,0.0,2.0
www.waz.de,-0.0062500000000000056,0.29168154723945083,0.0,0.0,2.0
www.transfermarkt.de,0.16999999999999998,0.24041630560342614,0.1,0.14142135623730953,2.0
netzpolitik.org,0.13541666666666666,0.13847507798236552,0.125,0.1767766952966369,2.0
www.mobiflip.de,0.13999999999999999,0.1979898987322333,0.0,0.0,2.0
www.pcgames.de,0.06999999999999999,0.09899494936611665,0.1,0.14142135623730953,2.0
science.orf.at,0.07166666666666667,0.2993418707023051,0.08333333333333333,0.11785113019775792,2.0
www.sport1.de,0.375,0.1767766952966369,0.0,0.0,2.0
onlinemarketing.de,0.0,1.0,0.0,1.0,1.0
frische-brise.blogspot.com,0.0,1.0,0.0,1.0,1.0
www.urlaubspiraten.de,0.0,1.0,0.0,1.0,1.0
noe.orf.at,0.0,1.0,0.0,1.0,1.0
oe3.orf.at,0.0,1.0,0.0,1.0,1.0
fm4.orf.at,0.0,1.0,0.0,1.0,1.0
salzburg.orf.at,0.0,1.0,0.0,1.0,1.0
www.autobild.de,0.0,1.0,0.0,1.0,1.0
www.derstandard.de,0.0,1.0,0.0,1.0,1.0
www.linux-magazin.de,0.0,1.0,0.0,1.0,1.0
www.deutsche-startups.de,0.0,1.0,0.0,1.0,1.0
www.kino-zeit.de,0.0,1.0,0.0,1.0,1.0
www.jungewelt.de,0.0,1.0,0.0,1.0,1.0
www.googlewatchblog.de,0.0,1.0,0.0,1.0,1.0
www.globenewswire.com,0.0,1.0,0.0,1.0,1.0
