week,sentiment_mean,sentiment_std,subjectivity_mean,subjectivity_std,counting
2026-26,-0.07892353826307116,1.0112529395164247,-0.151305367722914,0.7695467556819425,129.0
2026-27,0.16304704853551794,1.0332853453419657,-0.1096107853451555,0.7789147212399999,150.0
2026-28,0.08393050192334552,1.0305027397281383,-0.03320957649631413,0.9187528792982149,262.0
2026-29,-0.022208988258073853,1.1125122397146816,-0.0020970403952928324,0.9159785476508824,166.0
2026-30,0.036186695586194965,0.9375951407380936,0.14987619811175995,1.078550594371245,220.0
2026-31,0.06507737200388877,0.9313007220959928,0.10083615662422193,1.0677960543933256,213.0
2026-32,0.02453475717576356,1.0315353879971774,0.0036157765898483145,0.9894955869460035,123.0
2026-33,-0.2790372425499597,1.0206105468730036,0.16379670390385878,1.2378566283120314,194.0
2026-34,-0.03869698442481528,0.9093003037195736,0.15123812295545033,1.1550106133504716,224.0
2026-35,-0.06260641584590244,0.9957165555333944,-0.1885474290372873,0.7091869983970563,282.0
2026-36,0.04970960884077799,0.9191972666008816,0.00777598601819057,1.0802135417076464,190.0
2026-37,0.0032955346934497253,0.8555355577729432,-0.2985455962812283,0.5869054458247038,82.0
2026-38,0.18840310638545044,0.9958527374944944,0.013553830947992987,1.195480516483186,73.0
